abbeitsgrp abreitsgrp
abdominale abdominal
abtlg abtl
actinides actinide
active activ
addit addict
adenovirus adenoviruses
adipositaserkrank adipositaserkrankungen
adtpositydis adipositydis
adoleszente adolescent
adolescents adolescent
adolescence adolescent
adolescen adolescent
adolesce adolescent
adults adult
aeroelastic aeroelast
affiliate affiliated
afrikan africa
afrika africa
african africa
ageing aging
agein aging
agin aging
agent agents
agrarakon agrarokol
agrarokon agrarokol
agrarinformat agroinformat
agrarwissensc agrarwissensch
agrarwissenschaft agrarwissensch
agroecon agroecol
agrosphaere agrosphere
agrosphare agrosphere
akadm akadem
aktiengesells aktiengesellschaft
aktiengesellsch aktiengesellschaft
akuneurol akutneurol
albrecht albrechts
albrechs albrechts
alchol alcohol
alexian alexianer
alfried alfred
algorithmen algorithms
algorith algorithms
algorithm algorithms
allee alle
allees alle
allegemein allegemeine
allegmeine allegemeine
allemeine allegemeine
allery allergol
allergo allergol
allesgol allergol
allergy allergol
allerg allergol
aller allergol
allerol allergol
allergien allergie
allergies allergie
allergen allergie
allergan allergie
allgmeine allgemeine
allgermeine allgemeine
allgenmeine allgemeine
allgemeinund allgemeine
allgemeinmed allgemeine
allgemeines allgemeine
allgemeinen allgemeine
allgemein allgemeine
allgeine allgemeine
allgemeinemed allgemeine
allgemeinchuirurg allgemeinchirurg
allicance alliance
alliances alliance
allogen allogene
alpine alpin
alters altere
alterns altere
altern altere
alter altere
altes altere
alten altere
altems altere
altenburger altenburg
alterat alternat
altermed altersmed
altersforsch alternsforsch
altersforschung alternsforsch
altertumswissensch alternswissensch
alzheimer alzheimers
alzhemier alzheimers
ambulance ambulanz
ambulant ambulanz
ambulante ambulanz
ambulanten ambulanz
ambulanter ambulanz
ambulantes ambulanz
ambulator ambulatory
amerikanistik amerikanist
amiloidosi amyloidosis
anasthesi anasthesiol
anasthesia anasthesiol
anasthesie anasthesiol
anasthesieabt anasthesiol
anesthesiol anasthesiol
anasthesis anasthesiol
andsthesie anasthesiol
andsthesiol anasthesiol
anestaesiol anasthesiol
anesthesia anasthesiol
anastesiol anasthesiol
anasthsiol anasthesiol
anastehesiol anasthesiol
anaesthesieabt anasthesiol
anaesthes anasthesiol
anaethesiol anasthesiol
anaesthsiol anasthesiol
anaesthesiol anasthesiol
anaesthesie anasthesiol
anaesthesia anasthesiol
anaaestheiol anasthesiol
anaestesiol anasthesiol
anaesth anasthesiol
ancrol androl
ander andere
anderen andere
angeborenen angeborene
angestellt angestellte
angwandte angewandte
angol angiol
angio angiol
angiog angiol
anglol angiol
angiogenese angiogenesis
anglistik anglist
anglophone anglophonie
animals animal
anlage anlagen
anlagensteuerungstechn anlagensteuerungstech
anlagentechn anlagentech
anongan anorgan
anthro anthrop
anthropolog anthropol
anthropometr anthropomat
antimikrobiell antimikrobielle
antivir antiviral
antivirale antiviral
antonious antonius
anwendung anwendungen
anwendungstechn anwendungstech
aortenzentrums aortenzentrum
apothekerverband apothekerverbande
apple appl
applikat applicat
arbaitsgrp arbeitsgrp
arbeitsgruppen arbeitsgrp
arbeitsgruppe arbeitsgrp
arbeitsgrup arbeitsgrp
arbeitsgr arbeitsgrp
arbeitgrp arbeitsgrp
arbeitsbrp arbeitsgrp
arbeiltsschutz arbeitschutz
arbeit arbeits
arbeitet arbeiten
arbeitsbereiches arbeitsbereich
arbeitsgeeinsch arbeitsgemeinschaft
arbeitsgemeinsch arbeitsgemeinschaft
arbeitsgemeinshaft arbeitsgemeinschaft
arbeitskreis arbeitskreises
arbeitsokonom arbeitsokonomie
arbeitsschwerpunkt arbeitsschwerpunkte
archaobot archaeobot
archaeol archaol
archdol archaol
archeol archaol
architektur architecture
architectures architecture
architectur architecture
architect architecture
architectural architecture
archives archive
arrhythmias arrhythmia
arteriogenese arteriogenesis
arthrit arthritis
arthroskopie arthroscopy
arthroskop arthroscopy
arthroscop arthroscopy
arthrokop arthroscopy
arzlerschaft arzteschaft
arzneimitte arzneimittel
arzneimitteln arzneimittel
arzneimittelwerke arzneimittelwerk
arznelmittelwerk arzneimittelwerk
arztlichen arztliche
aschaffenbu aschaffenburg
aschaffenbuig aschaffenburg
asdex asedex
asia asian
askelepios asklepios
askiepios asklepios
askleplos asklepios
asklepiosklinikum asklepiosklin
assessm assessment
assessmen assessment
assistant assistentin
assistent assistentin
associate associated
assoziaton associated
assoziat associated
associat associated
association associated
assoziiert assoziiertes
assoziierte assoziiertes
asthmapolklin asthmapoliklin
astro astron
astronometrie astrometrie
atmospheres atmospher
atmosphere atmospher
atmosphare atmospher
atmosphar atmospher
atmosphaer atmospher
atomstobprozesse atomstossprozesse
audio audiol
augenabschnitte augenabschnittes
augenabschnitts augenabschnittes
augenbaschnittes augenabschnittes
augenklinn augenklin
augsberg augsburg
augustenburg august
augustenbur august
augustenbu august
augustenb august
augus august
augusta august
auguste august
augustenburger august
australian australien
auswartigen auswartiges
autoimmun autoimmune
automata automat
automot automat
autonom autonomes
autonoma autonomes
autonome autonomes
bacteria bacteriol
bacterial bacteriol
bakteriol bacteriol
badenwuerttemberg badenwurttemberg
bamburg bamberg
bankwirtschaft banwirtschaft
barnen barmen
barmherzigen barmherzige
base based
bauphysik bauphys
bavaria bavarian
baverian bavarian
bayerns bayer
bayern bayer
bayrischen bayerischen
bayerisch bayerischen
bayerische bayerischen
bayerisches bayerischen
bayreuther bayreuth
beatmung beatmungs
beauftragte beauftragter
behandlungs behandlung
behandlungszent behandlungszentrum
beirsdorf beiersdorf
bekleidungstech bekleidungstechn
belegaabt belegabt
benhamin benjamin
benjaim benjamin
benjamim benjamin
benjamn benjamin
beratungs beratung
bereic bereich
bereiche bereich
bereiches bereich
bereichi bereich
bereichs bereich
bereick bereich
bereieh bereich
berelchsleiter bereichsleiter
bergmannshei bergmannsheil
bergmansheil bergmannsheil
bergmannhsheil bergmannsheil
bergmanssheil bergmannsheil
bergrnannsheil bergmannsheil
bergmannshell bergmannsheil
bergammsheil bergmannsheil
berge berger
bergische bergisch
bergischen bergisch
bergmanns bergmann
bergman bergmann
berich beriech
beriche beriech
berline berlin
bernli berlin
berllin berlin
berlins berlin
berling berlin
berliner berlin
berli berlin
berliln berlin
beriln berlin
bernward bernhard
berstein bernstein
beruf berufs
berufsgenossenschaftlichen berufsgenossenschaftliche
berufsgenossenschaftl berufsgenossenschaftliche
berufsgenossenschaften berufsgenossenschaftliche
berufsgenossenschaft berufsgenossenschaftliche
berufsgenossensch berufsgenossenschaftliche
berufsgenossenchaftliche berufsgenossenschaftliche
berufsgenossen berufsgenossenschaftliche
berufsgenossenschatlicher berufsgenossenschaftliche
berufsgenossenschaftliches berufsgenossenschaftliche
berufgenossenshaft berufsgenossenschaftliche
berufgenossenschaftliches berufsgenossenschaftliche
berufgenossenschaftliche berufsgenossenschaftliche
berufsgenossenschaftlicher berufsgenossenschaftliche
berufsdermatosen berufsdermatol
beschreibungsverfah beschreibungsverf
betriebl betrieb
betriebs betrieb
betrieblehre betriebslehre
betriebsdirekt betriebsdirektor
betriebsfestigkei betriebsfestigkeit
betriebsfestigket betriebsfestigkeit
betriebshyg betriebsorg
betriebswirtschaftslehere betriebswirtschaftslehre
betriebswirtsch betriebswirtschaftslehre
betriebswirtschaft betriebswirtschaftslehre
betriebswirtschaftl betriebswirtschaftslehre
betriebswirtschaftlehre betriebswirtschaftslehre
betriebswirtschaftliche betriebswirtschaftslehre
betriebswirtschaftliches betriebswirtschaftslehre
bewegung bewegungs
bewegungsorgane bewegungsorgange
bewegungsstoerungen bewegungsstorungen
bewegungswissen bewegungswissensch
bewertungen bewertung
bezirk bezirks
bezirksklinkum bezirksklinikum
bezirksklinikums bezirksklinikum
bezirkskrakenhaus bezirkskrankenhaus
bezirkskrankenaaus bezirkskrankenhaus
bezirkskrankenahus bezirkskrankenhaus
bezirkskrankenhauses bezirkskrankenhaus
bezirksrankenhaus bezirkskrankenhaus
bezirskrankenhaus bezirkskrankenhaus
bezirskrankenhauses bezirkskrankenhaus
bibliotheken bibliotheks
bielfeld bielefeld
bienekunde bienenkunde
bienen bienenk
bildgebu bildgebung
bildungswissenschaft bildungswissensch
bildungswissenschaften bildungswissensch
bioact biocat
bioanalytik bioanalyt
biocatalysts biocatalysis
biocentre biocenter
biochips biochem
biochip biochem
biochem1 biochem
biochim biochem
biocompatible biocompatibil
biodiversitats biodiversitat
bioelekt bioelect
biofilms biofilm
biogene biogen
biogeol biogeog
biohybride biohybrid
biolnnovat bioinnovat
biologikum biologicum
biool biomed
biomol biomed
biometry biomed
biometr biomed
biomet biomed
biomatn biomed
biomath biomed
biomat biomed
biomot biomed
biomac biomed
biomacromol biomakromol
biomarkers biomarker
biomasse biomass
biomaterials biomaterial
biomechan biomech
biopharma biopharm
biopharmacy biopharm
biopyhs biophys
biopsy biophys
biophy biophys
biopolymere biopolymer
biopsych biopsychol
biopsychosoziale biopsychosocial
biopsychosoc biopsychosocial
bioquan bioquant
biosiences biosciences
biosensor biosensors
biosensorik biosensors
biosignals biosignal
biosynthese biosynthet
biotex biotech
biotec biotech
biotechnol3 biotechnol
biotecnol biotechnol
biowissenschaften biowissensch
biowissench biowissensch
biowissenschaft biowissensch
biowisenschaften biowissensch
biowissen biowissensch
biowisensch biowissensch
birlinghonven birlinghoven
birt birth
bitoek bitok
black blacks
bloc bloch
blutgerinnungssturungen blutgerinnungsstorungen
blutspendediensts blutspendedienst
blutspendedinest blutspendedienst
blutspendeiens blutspendedienst
blutspendezent blutspendedienst
blutspendezentrale blutspendedienst
blutspendienst blutspendedienst
boards board
boeblingen boblingen
bochem bochum
bodelschwingh bodelschwinghschen
bodelschwinghsche bodelschwinghschen
bofit bofi
boltmann boltzmann
boniftatius bonifatius
boromaerinnen borromaerinnen
bosc bosch
bovari boveri
bovery boveri
brachytherapie brachytherapy
brai brain
bramsted bramstedt
branstedt bramstedt
brand brandt
brandenburger brandenburg
brandenburgs brandenburg
branderburg brandenburg
branntverletztenzentrum brandverletztenzentrum
breech breath
breach breath
breedi breeding
breedign breeding
breedin breeding
bresigau breisgau
brement bremen
bremer bremen
bremet bremen
breslau breslauer
brucken bruckenau
brueder bruder
brustzenrum brustzentrum
buchman buchmann
bundeforsch bundesforsch
bundesforschungsanstalt bundesforschungsinst
bundesgesundheitsamtes bundesgesundheitsamt
bundesgesundheitsamts bundesgesundheitsamt
bundesminist bundesinst
bundesknappschaftsklin bundesknappschaft
bundesrepublik bundesrepubl
bundeswehrkrankhaus bundeswehrkrankenhaus
bundeswehrkrankenhauses bundeswehrkrankenhaus
bundeswehrzentralkrankenhauses bundeswehrzentralkrankenhaus
bundeswehrzentrallkrankenhaus bundeswehrzentralkrankenhaus
bunter bunte
burckhardt burkhardt
burgerl burger
businesses business
byzantinistik byzantinist
cacheixa cachexia
cachexi cachexia
cachixia cachexia
camnpus campus
camous campus
campu campus
campur campus
campusu campus
camput campus
canpus campus
campi camp
cancer caner
canter caner
cannstadt cannstatt
carcinogenet cardiogenet
cariol cardiol
cardiov cardiol
cardio cardiol
cardial cardiol
card cardiol
cardiac cardiol
cardi cardiol
cardiobiotec cardiobiotech
cardiopulmol cardiopulm
cardiopulmonol cardiopulm
cardiothoracic cardiothorac
cardiovascu cardiovasc
cardiovascular cardiovasc
caritaskrankeenhaus caritaskrankenhaus
caritaskrankenhauses caritaskrankenhaus
carola carolo
carrerase carreras
case cased
catalyt catalysis
cataysis catalysis
catalysts catalysis
catalys catalysis
catalyst catalysis
cbbmr cbbm
cccmf cccm
cebitech cebitec
cecile cecilie
cellnetwork cellnetworks
celular cellular
centralised centralized
centre centred
centrums centrum
cepias ceplas
cera ceram
cereal cereals
cereb cerebr
chai chain
chairs chair
chariote charite
charity charite
charitem charite
charlie charite
charlte charite
charote charite
charitea charite
chartie charite
charit charite
charie charite
charitte charite
charitie charite
chaite charite
chairte charite
changes change
chang change
characterisat characterizat
charitecentrum charitezentrum
charlotenburg charlottenburg
chefarztin chefarzt
chemnitzer chemnitz
chemitz chemnitz
chemosensit chemosensat
chemosensor chemosensat
chemosensitivatestungen chemosensitivitatestungen
chemotherapie chemotherapy
chilrens childrens
chidrens childrens
childerns childrens
children childrens
chil child
childs child
chinas china
chiurg chirurg
chirurh chirurg
chirurgt chirurg
chirurgie chirurg
chirurge chirurg
chirurgen chirurg
chirur chirurg
chirugie chirurg
chirug chirurg
chiru chirurg
chlamydiae chlamydiose
christop christoph
christl christoph
christof christoph
christ christoph
christo christoph
christine christian
christiane christian
christlichen christliches
christlichem christliches
christlich christliches
cips cipsm
circuit circuits
claushtal clausthal
clausthaler clausthal
clemenshop clemenshosp
climat climate
clinic clin
clini clin
clinikum clinicum
clinium clinicum
clostridia clostridium
cluste clust
cluster clust
clusterm clust
clusters clust
cnmpb cnmp
cnopfschen cnopfsche
coal coall
cochlea cochlear
cognt cognit
cognitron cognition
colaborating collaborating
colloaborating collaborating
collabrating collaborating
collaborat collaborating
collabora collaborating
colloid colloids
colognes cologne
colonge cologne
coloproctol coloproktol
comiss commiss
commis commiss
common commun
comnmunicat communicat
communit community
competency competence
comple complex
complet complex
complexes complex
complexex complex
component components
composites composite
comprehe comprehens
compressor compress
computer computed
computerto computertomog
conard conrad
congential congenital
conserv conservat
consulatat consultat
consultant consultat
consumers consumer
contact contacts
content contest
contilla contilia
controls control
coopera cooperat
coordinator coordinat
coordinar coordinat
coporate corporate
cosmed cosmet
cottus cottbus
counseling counselling
cramomaxillofacial craniomaxillofacial
craniomaxillofaciale craniomaxillofacial
criminol criminal
crises crisis
crohns crohn
crops crop
cryogen cryogene
crytog cryptog
cultures culture
cycles cycle
cytoskeletal cytoskeleton
darmstadter darmstadt
databases database
datencoordinat datenkoordinat
delbrueck delbruck
delbuck delbruck
dellbruck delbruck
demetia dementia
dermatoloy dermatol
dermatos dermatol
dermato dermatol
dermat dermatol
deramatol dermatol
derimatol dermatol
dermatolog dermatol
dermatoend dermatoendocri
dermatoendoc dermatoendocri
dermatoendocrino dermatoendocri
dermatoendocrinol dermatoendocri
dermatookol dermatoonkol
dermatooncol dermatoonkol
dermatopharmakol dermatopharmacol
dermopharmacol dermatopharmacol
desig design
dessa dessau
deutschs deutsch
deutschl deutsch
deutsches deutsch
deutscher deutsch
deutschen deutsch
deutsche deutsch
deutches deutsch
detuschen deutsch
device devices
diabetol diabet
diabeto diabet
diabetl diabet
diabetes diabet
diabe diabet
diabete diabet
diab diabet
diabetszentrum diabeteszentrum
diabesteszentrum diabeteszentrum
diabetzentrum diabeteszentrum
diabeteszent diabeteszentrum
diabeteszentru diabeteszentrum
diagn diag
diagnostik diagnost
diakon diako
diakoniekrakenhaus diakoniekrankenhaus
diakonissenkrankenhauses diakoniekrankenhaus
diakonissenkrankenhaus diakoniekrankenhaus
diakonissenkrakenhaus diakoniekrankenhaus
didact didakt
dienst dienste
dietat dietet
dieter dietet
dietenbonn dietenbronn
differantiat differentiat
differential differentiat
digitale digital
digita digital
digitalizat digitizat
dimd dimdi
direct direkt
director direktor
directors direktor
disasters disaster
disciplines discipline
disorder disorders
distribut distributed
distrubances disturbances
diver divers
dokumentat documentat
document documentat
doelau dolau
donaustauf donasutauf
dortmond dortmund
dormund dortmund
dreden dresden
dresde dresden
dresen dresden
drfzj drfz
drittes dritter
drive drives
driver drives
drugs drug
dsseldorf duesseldorf
dube duben
duesburg duisburg
duisberg duisburg
duisbug duisburg
duisbzug duisburg
duisdurg duisburg
duisurg duisburg
dummerstotf dummerstorf
dunne dunnen
durkheim durrheim
dusseldrof dusseldorf
duseldorf dusseldorf
dussldorf dusseldorf
dusseldolf dusseldorf
duss dusse
dysplasiezentrum dysphagiezentrum
e010 e0100
e0500 e050
eartly early
earths earth
ecogent ecogenet
ecosystem ecosyst
ecosyt ecosyst
effect effects
efficiency efficient
efficieny efficient
ehemaligen ehemalige
eierstockkreb eierstockkrebs
eine eines
einheiten einheit
einrichtung einrichtungen
einschl einschli
eisenber eisenberg
elbeklinikum elbekliniken
elblandkliniken elblandklinikum
elecktromagnet electromagnet
elektromagnet electromagnet
elektronen elect
elektro elect
elektr elect
elekt elect
electronen elect
electron elect
elektron elect
electr elect
electro elect
electodiagnost electrodiagnost
electrophy electrophysiol
electrophys electrophysiol
electphysiol electrophysiol
electophysiol electrophysiol
electrophysiol3 electrophysiol
elektrochem electrochem
electrchem electrochem
elektronemikroskopie elektronenmikroskopie
elektronenmikroskop elektronenmikroskopie
elektronenmikroscopie elektronenmikroskopie
elektroenmikroskopie elektronenmikroskopie
elektronmikroskopie elektronenmikroskopie
elekronenmikroskopie elektronenmikroskopie
electronmikroskopie elektronenmikroskopie
elektromech elektrotech
elektrotechnol elektrotech
elekrotech elektrotech
elektrotechn elektrotech
elektroenstrahl elektronenstrahl
elektrophys elektrophysiol
elemantarteilchen elementarteilchen
elementarteilchenphys elementarteilchen
element elements
elementar elements
elementary elements
elisabethen elisabeth
elisabeths elisabeth
elizabeth elisabeth
ellbogenchirurg ellenbogenchirurg
ellen elle
elster eltern
elter eltern
emahrungs emahrung
emden embden
embroyol embryol
embryo embryol
embryon embryol
embryonal embryol
embyol embryol
embryonaltoxikol embryonaltoxi
emmiss emiss
endoc endo
endokrinol endocrinol
endokrino endocrinol
endokrines endocrinol
endokrine endocrinol
endokrin endocrinol
endocrino endocrinol
endocrine endocrinol
endocrin endocrinol
endocri endocrinol
endocine endocrinol
endokriol endocrinol
endokrionol endocrinol
endodointol endodont
endodontol endodont
endokr endok
endometriose endometriosis
endoprosthet endoprothet
endoskopie endoscopy
endoscopoy endoscopy
endoskop endoscopy
endoscop endoscopy
endoscopie endoscopy
endothelim endothelium
endovas endovasc
endovascular endovaskulare
energet energie
energies energie
enegie energie
energe energie
energieforschung energieforsch
energiefosch energieforsch
energierverfahrenstech energieverfahrenstech
energietechn energietech
energietechnol energietech
engines engine
englisch english
ente enter
enterococc enterococci
enterpreneu entrepreneu
entrepreneurial entrepreneu
entrepreneur entrepreneu
entwi entwicklung
entwic entwicklung
entwick entwicklung
entwickl entwicklung
entwicklun entwicklung
entwicklungs entwicklung
entwicklungsforsch entwicklungsforschung
entwicklungsgeschtliche entwicklungsgeschichtliche
entwicklungsgeschicht entwicklungsgeschichtliche
entwicklungsgeschichte entwicklungsgeschichtliche
entwicklungsgeschichtl entwicklungsgeschichtliche
entwicklungsneurobiol entwicklungsneurol
entwicklungsneurowissensch entwicklungswissensch
entwicklungswisswnsch entwicklungswissensch
entwicklungsphysiol entwicklungspsychol
entzundong entzundung
envir environm
enviro environm
envirom environm
environ environm
environms environm
enzymes enzyme
enzymetechnol enzymtechnol
epidemol epidemiol
epidemiology epidemiologyl
epigen epigenet
epigent epigenet
epiii epii
epilepsiforsch epilepsieforsch
epilipsiezentrum epilepsiezentrum
epileptolog epileptol
eppend eppendorf
eppendo eppendorf
eppendof eppendorf
eppendolf eppendorf
eppendor eppendorf
eppendorl eppendorf
eppendotf eppendorf
eppendrof eppendorf
erica eric
erkankungen erkrankungen
erkrankung erkrankungen
erkrankunge erkrankungen
erkrankte erkrank
erlanger erlangen
erlangan erlangen
ernaehrung ernahrung
ernahrungs ernahrung
ernahrungsambulanz ernahrungsabulanz
ernahrungsmedi ernahrungsmed
ernahrungspsychol ernahrungsphysiol
ernahrungswirtschaft ernahrungswissensch
ernahrungswissenschaft ernahrungswissensch
ernahungswwissensch ernahrungswissensch
erwachsenen erwachsens
erziehun erziehungs
erziehunsgswissensch erziehungswissensch
erziehungswissenschaften erziehungswissensch
erziehungswissenschaf erziehungswissensch
eselsburg eselsberg
establ estab
ethnol ethol
euragio euregio
eurogio euregio
euratum euratom
euroatom euratom
eurocard eurocord
europas europe
europai europe
europa europe
europ europe
europaisch europaisches
europaische europaisches
europaischen europaisches
europeen european
evage evangel
evang evangel
evange evangel
evaluat evolut
evalut evolut
evangelisches evangelischen
evangelisch evangelischen
evangelischer evangelischen
evidenzba evidenz
evidenzbasieru evidenzbasierte
evolutionare evolutionary
ewings ewing
excellency excellence
exekut execut
exper expet
experts expet
expert expet
experimantal experiment
experimentat experiment
experime experimed
exptl expt
extracorporal extracorporeal
extrem extreme
f010 f0100
facbereich fachbereichs
facbereiches fachbereichs
facbereichs fachbereichs
fachberiech fachbereichs
fachberich fachbereichs
fachbereidh fachbereichs
fachbereicht fachbereichs
fachbereich fachbereichs
fachbereiches fachbereichs
facgebiat facgebiet
facharztin facharzt
fachbebiet fachgebeit
fachgenbiet fachgebeit
fachgebietes fachgebeit
fachgebiete fachgebeit
fachgebiet fachgebeit
fachgebiert fachgebeit
fachgebiets fachgebeit
fachegbiet fachgebeit
fachgrup fachgrp
fachgrupe fachgrp
fachkrankenaus fachkrankenhaus
fachkrankenhauses fachkrankenhaus
fachreferentin fachreferent
fachreferate fachreferent
fachreferat fachreferent
fachtierarztin fachtierarzt
facial facil
factory factors
facto factors
factor factors
falkenbrun falkenbrunnen
famile family
familien families
familienthe familientherap
familientherapie familientherap
fazeit fazit
felstudie feldstudie
ferti fertil
fertilisat fertilitat
fertilitaetsstoerungen fertilitatsstorungen
fertilitatstorungen fertilitatsstorungen
feskorperphys festkorperphys
feste fester
festkorperspekrosopie festkorperspektroskopie
feurerungstech feuerungstech
feve fever
fieber fiber
fiebeger fiebiger
fields field
fillers filler
finances finance
finanzdiensteistungen finanzdienstleistungen
finanzdienstlungen finanzdienstleistungen
fisch fischer
fische fischer
fischerei fischer
fisher fischer
fishes fischer
flavors flavor
flechsing flechsig
flogel flugel
fluids fluid
fontan fontane
force forces
fordertechnik fordertech
forests forest
formal format
formale format
former formen
fors forsch
forsc forsch
forschgrp forschergrp
forschng forschungslab
forschung forschungslab
forschungsl forschungslab
forschungslabor forschungslab
forschungs forschungslab
forschungsabt forschungslab
forschungbereich forschungsbereich
forschungsber forschungsbereich
forschungsctr forschungsbereich
forschungkollekt forschungskolleg
forschungsgemeinsch forschungsgemeinschaft
forschungsschwerpunkte forschungsschwerpunkt
forscungszentrum forschungszentrum
forschzentrum forschungszentrum
forschunszentrum forschungszentrum
forshungzentrum forschungszentrum
forschungszentrurn forschungszentrum
forschungszentrums forschungszentrum
forschungzentrum forschungszentrum
forstbotan forstbot
forstlichen forstliche
fortbildungklin fortbildungsklin
fortpflanzungsmed fortpflanzung
fortpflanzungsm fortpflanzung
forwin forwind
fraklin franklin
frankllin franklin
franklini franklin
frankli franklin
france frank
franck frank
frankenfurt frankfurt
frankfu frankfurt
frankfurt-m frankfurt
frankfurter frankfurt
frankfurth frankfurt
franfurt frankfurt
frankurt frankfurt
fraueenklin frauenklin
frauenklinik frauenklin
fraunklin frauenklin
fraunheilkunde frauenheilkunde
fraueneilkunde frauenheilkunde
frauenheikunde frauenheilkunde
fraunenheilkunde frauenheilkunde
frauenkrankheit frauenkrankheiten
freiburger freiburg
freiberg freiburg
freburg freiburg
freien freie
freistaat freistaates
fridrichstadt friedrichstadt
friederich friedrich
friedrichs friedrich
friedrichsheim friedrichshain
friedrichshall friedrichshain
friedrichshafen friedrichshain
fruher fruhe
fruherkennund fruherkennung
fruherkennungs fruherkennung
fuer fuerth
fuert fuerth
functional functionally
function functionally
fundamental fundamentals
fundamentalstn fundamentals
funk funkt
funktioneller funktionelle
funktionelles funktionelle
funktionsle funktionelle
funktionsbereichs funktionsbereich
funktionsberiech funktionsbereich
games game
gangmotoriklab gangmotoriklabor
gardens garden
garten garden
gartenbauwisse gartenbauwissensch
gartenbauwissens gartenbauwissensch
gartenbauwissenschaften gartenbauwissensch
gartners gartner
gastroeterol gastroenterol
gastrogenterol gastroenterol
gastroentero gastroenterol
gastroentereol gastroenterol
gastroente gastroenterol
gastroent gastroenterol
gastroeneterol gastroenterol
gastroenerol gastroenterol
gastrenterol gastroenterol
gastorenterol gastroenterol
gastoenterol gastroenterol
gastenterol gastroenterol
gastroentol gastroenterol
gastroentrol gastroenterol
gastr gastro
gastrointestinale gastrointestinal
gebaeude gebaude
gebertshilfe geburtshilfe
geburtenhilfe geburtshilfe
geburthilfe geburtshilfe
geburtschilfe geburtshilfe
geburtshiffe geburtshilfe
geburtshilfl geburtshilfe
geburtshilflich geburtshilfe
geburtshilfliche geburtshilfe
geburtshilflichen geburtshilfe
gedachnisambulanz gedachtnisambulanz
geesthach geesthacht
geesthatcht geesthacht
gefab gefa
gefaess gefass
gefasschi gefass
gefassch gefass
gefassc gefass
gefasse gefass
gefas gefass
gefaesschirurg gefasschirurg
gefasschirug gefasschirurg
gefasschirur gefasschirurg
gefasschirurgie gefasschirurg
gefosschirurg gefasschirurg
gefasscentrum gefasszentrum
gefordert geforderten
geistewissensch geisteswissensch
geistiger geistige
gemeinnuetzige gemeinnutzige
gemeinnutzigen gemeinnutzige
gemeinschafts gemeinschaft
gemeinschaf gemeinschaft
gemeinsch gemeinschaft
gemeinscha gemeinschaft
gemeinsc gemeinschaft
gemeinschaftskankenhaus gemeinschaftskrankenhaus
geminschaftskrankenhaus gemeinschaftskrankenhaus
general generat
genitale genital
genomes genom
genome genom
geno genom
genomcis genomics
genomforsch genomforschung
gentechn gentechnol
geobio geobiol
geochron geochronol
geogr geog
geomath geomar
geomat geomar
geomr geomar
geomec geomech
geometr geometrie
george georg
georges georg
geosphare geosphere
geosphaere geosphere
geotech geotechnol
geotechn geotechnol
geran gera
gerhardt gerhard
gerhad gerhard
geriatrie geriatr
geriatri geriatr
geria geriatr
geriat geriatr
geriatrzentrum geriatriezentrum
gerichtz gerichtl
gerichtlichen gerichtliche
gerinnungsstorung gerinnungsstorungen
gerinnugsstorungen gerinnungsstorungen
germant german
germa german
germany german
germ german
germanyg german
germania germanist
germanis germanist
gerresheimer gerresheim
germesheim gerresheim
gerontopharmacol gerontopharmakol
gerontoppsychiat gerontopsychiat
gerontopsychia gerontopsychiat
gerontopsychiatrie gerontopsychiat
gerontopsychiatry gerontopsychiat
gerontopsychol gerontopsychiat
gerontospsychiat gerontopsychiat
geroutopsychiat gerontopsychiat
gesamth gesamt
gesamthochsch gesamthsch
gesamthosch gesamthsch
gesamtsch gesamthsch
geschafsstelle geschaftsstelle
geschaftstelle geschaftsstelle
geschaftsbereichs geschaftsbereich
geschichswissensch geschichtswissensch
geschicht geschichte
geschichten geschichte
geschichts geschichte
geschlechterforsch geschlechterfor
gesel gesellsch
gesell gesellsch
gesells gesellsch
gesetz gesetzl
gesichtschirug gesichtschirurg
gesichtschirurgie gesichtschirurg
gesichtschiru gesichtschirurg
gesichtschirur gesichtschirurg
gesichts gesichtschirurg
gesichtsch gesichtschirurg
gesichtchirurg gesichtschirurg
gesicht gesichtschirurg
gessel gessell
gesteinshuttenkunde gesteinshuettenkunde
gesundheitssyst gesundheit
gesundheitswes gesundheit
gesundheitssys gesundheit
gesundheitswese gesundheit
gesundheitswesen gesundheit
gesundheitswirtschaft gesundheit
gesundheitswiss gesundheit
gesundheitswissen gesundheit
gesundheitsamt gesundheit
gesundheits gesundheit
gesundheitspk gesundheit
gesundheitswissensch gesundheit
gesundheitl gesundheit
gesundheitswissenschaft gesundheit
gesundheitsre gesundheit
gesudheitsf gesundheit
gesundheitswissenschaften gesundheit
gesundheitswissenscahften gesundheit
gesundhe gesundh
gesundheitforsch gesundheitsforsch
gesundheitsfor gesundheitsforsch
gesundheitliche gesundheitlichen
gesundheitsokonomie gesundheitsokon
gesundheitssystemforschung gesundheitssystemforsch
gesundheitsverband gesundheitsverbundes
gesundtheit gesungheit
gewurzpflanzen gewurzpflanzenbau
ggmb ggmbh
giegen gieen
gieflereitech giessereitech
giesssen giessen
gladbac gladbach
gleichstellungsbur gleichstellungsburo
gleidmassentumoren gliedmassentumoren
gliedmassentumore gliedmassentumoren
gliedmassenturoren gliedmassentumoren
globale global
globalen global
globales global
gobio gobi
goerlitz gorlitz
goettigen gottingen
goettingen gottingen
goettinger gottingen
gottinger gottingen
grade grad
grafe graf
grafschaft graschaft
grandt grant
griefswald greifswald
greifwald greifswald
greifswalder greifswald
greiifswald greifswald
greifswal greifswald
grenzflachenakt grenzflachen
grid grids
grimma grimm
grossharden grosshadern
grosshaderm grosshadern
grosshaden grosshadern
grosshadem grosshadern
grosshade grosshadern
grossahadern grosshadern
grossadern grosshadern
groohadern grosshadern
grosshardern grosshadern
groahadern grosshadern
grohadern grosshadern
groghadern grosshadern
groayhadern grosshadern
grobhadern grosshadern
groanu gronau
grodel groedel
grossh gross
grosse gross
grosshandorf grosshansdorf
grosshansdoif grosshansdorf
grund ground
grow grown
grundschulpadagog grundschulpadag
guenzburg gunzburg
guestrow gustrow
gustow gustrow
gustaf gustav
gustave gustav
gustvav gustav
gutenberge gutenberg
gutenburg gutenberg
gutersloch gutersloh
gyakol gynecol
gynacol gynecol
gynaeco gynecol
gynaecol gynecol
gynekol gynecol
gynaekol gynecol
gynaeol gynecol
gynako gynecol
gynakol gynecol
gynakolo gynecol
gyncecol gynecol
gynecooncol gynaecooncol
gynaecopathol gynecopathol
gynecophathol gynecopathol
gynakopathol gynecopathol
haemato haematol
haematolm haematol
haemopoiet haematopoet
haematopoiet haematopoet
haemmorrhag haemorrhag
haemodyn haemodynam
haemophilus haemophilia
haemostasiol haemostaseol
haemostasis haemostaseol
halbleiterdiag halbleiterdiagnost
hall halle
haller halle
halschiru halschirurg
halschirur halschirurg
halschirurgie halschirurg
hamatopat hamatol
hamatop hamatol
hamoatol hamatol
hamat hamatol
hamato hamatol
hamburt hamburg
hamburger hamburg
hambrg hamburg
hambug hamburg
hamburge hamburg
hamophilizentrum hamophiliezentrum
hamorhoel hamorheol
hamostaesol hamostaseol
hamostase hamostaseol
hamostasiol hamostaseol
hamstaseol hamostaseol
hanchirurg handchirurg
handchi handchirurg
handchiru handchirurg
handchirugie handchirurg
handchirur handchirurg
handchirurgie handchirurg
handchirurgiezen handchirurg
handchirurgiezentrum handchirurg
handchirurige handchirurg
hann hanna
hannnover hannover
hannorver hannover
hanover hannover
hans-meerwein-str hans-meerwein-strasse
hanseldinikum hanseklinikum
harzburg harburg
harite hartie
hassenstein hartenstein
hartswald hartwald
harzklinikum harzkliniken
haunersschen haunerschen
haunersche haunerschen
haunersches haunerschen
hauenschen haunerschen
haunerches haunerschen
hauners hauner
hautabt hauptabt
havelhoehe havelhohe
hazards hazard
healing hearing
healt health
hebammensch hebammens
hebammenschule hebammens
heckeskorn heckeshorn
heidelperg heidelberg
heidelburg heidelberg
heidelbergva heidelberg
heidelberger heidelberg
heidelbe heidelberg
heidelb heidelberg
heidel heidelberg
heide heidelberg
heildelberg heidelberg
heildergerg heidelberg
hedielberg heidelberg
heielberg heidelberg
hedwigs hedwig
heillbronn heilbronn
heilbrunn heilbronn
heilbonn heilbronn
heilbroon heilbronn
heibronn heilbronn
heilgen heiligen
heiligne heiligen
heilkinde heilkunde
heilpadagog heilpadag
heimdialys heimdialyse
heios helios
helioc helios
helgola helgoland
helicopter helicopters
helmoltz helmholtz
helmoholtz helmholtz
helmhotz helmholtz
helmhotlz helmholtz
helmholz helmholtz
helmhortz helmholtz
helmholtzzetrum helmholtzzentrum
helmholtzzentrums helmholtzzentrum
hemat hematol
hemato hematol
hemathopathol hematopathol
hematologiy hematology
hematoonkol hematooncol
hematopoesis hematopoiet
hematopoet hematopoiet
hematopoies hematopoiet
hematopoiesis hematopoiet
heme hemer
hemodyn hemodynam
hemoheol hemorheol
hemprheol hemorheol
hemostaseol hemostasis
hemostasiol hemostasis
hemostase hemostasis
hennigsdorf henningsdorf
henrittestiftung henriettenstiftung
henriettenstift henriettenstiftung
hepatobiliary hepatobiliare
heptaol hepatol
hepotol hepatol
heptol hepatol
hereditare hereditary
heringdorf heringsdorf
herrne hertie
herte hertie
hertile hertie
herne hertie
herrie hertie
herite hertie
hermanns hermann
herzberg herzberge
herzchirugie herzchirurg
herzchirurgie herzchirurg
herzfehlern herzfehler
herzkatheterlabor herzkatheterlab
herznache herznahe
hess hessen
hesse hessen
highe high
higher high
hilfe hilf
hilger hiller
hirnforschung hirnforsch
hirntumour hirntumor
histor histol
history histol
hochdruckerkrankugen hochdruckerkrankungen
hochdrukkrankheiten hochdruckkrankheiten
hochfrequente hochfrequenztech
hochfrequenz hochfrequenztech
hochfrequenztechn hochfrequenztech
hochleistungsimplus hochleistungsimpuls
hochleistungsimpulsund hochleistungsimpuls
hochschuldaktik hochshuldidaktik
hochschuldidaktik hochshuldidaktik
hoechst hochst
hocht hochst
hohenhe hohenheim
holestein holstein
holwelde holweide
holzforschung holzforsch
homberg homburg
hombug homburg
hormon hormone
hormonal hormonale
hormonlabor hormonlab
hosital hospital
hospitals hospital
hosptial hospital
hoslstein hostein
hosltein hostein
hoste host
huebertus hubertus
humanas human
humans human
humanoid humanoids
humanwisc humanwiss
humanwissenschaft humanwissensch
humanwissenschaftl humanwissensch
humanwissenschaftliche humanwissensch
humanwissenschaftlichen humanwissensch
humbolt humboldt
humbold humboldt
huntingdon huntington
hydro hydrol
hyperten hypertens
hyperthennia hyperthermia
hyperthermie hyperthermia
ibmii ibmi
icar icare
icep icepha
iceph icepha
imag image
imib imibe
immindefektzentrum immundefektzentrum
immun immunol
immuno immunol
immunl immunol
immune immunol
immunbiol immunobiol
immunchem immunochem
immunodeficiencies immunodeficiency
immundeficiency immunodeficiency
immunodermatol immunohematol
immunohamatol immunohematol
immunohaematol immunohematol
immunhamatol immunohematol
immunhaematol immunohematol
immunehematol immunohematol
immungenet immunogenet
immunonkol immunoecol
immunooncol immunoecol
immunpathol immunopathol
immuntherapy immunotherapy
immuntherapie immunotherapy
immunotherapies immunotherapy
immunotherapie immunotherapy
immunothera immunotherapy
immunotoxin immunotoxinlab
implants implant
implantate implant
implan implant
implantat implant
infe infect
infec infect
infekt infect
infek infect
infektol infektiol
infekiol infektiol
infedktiol infektiol
infectiol infektiol
infectol infektiol
infeciol infektiol
infektionskrankhei infektionskrankheiten
infektionkrankheiten infektionskrankheiten
infektiosmed infektionsmed
infirm inform
influenzae influenza
infromat informat
infomrat informat
infomat informat
inforamt informat
information informatik
informatics informatik
informatikum informatik
informationstech informationstechn
informationsverarbeitu informationsverarbeitung
informationsverarbteit informationsverarbeitung
ingenieurwissenshcaften ingenieurwissensch
ingenieurwissenschaften ingenieurwissensch
ingenieurwissen ingenieurwissensch
ingenierwissensch ingenieurwissensch
ingenieurwesen ingenieurwissensch
ingolstadter ingolstadt
ingolstaedter ingolstadt
innen inne
innendtadt innenstadt
innestadt innenstadt
innenstadtkliniken innenstadtklinikum
inner innere
inneren innere
inners innere
innnere innere
innovate innovat
innivat innovat
insbesondre insbesondere
inset insect
inspek insect
inspect insect
inspekt insect
insit insite
insi insite
insstiltute insitute
institute insitute
institutsambulanz institsambulanz
instrument instrumentat
instrumental instrumentat
integrat integrated
integral integrated
integated integrated
integriertem integrierte
integriertes integrierte
intelligente intelligence
intelligenz intelligence
intelligent intelligence
intemal intenal
intensivstat intens
inten intens
intense intens
intensi intens
intensiv intens
intensivstn intens
intensivs intens
intensmed intensivmed
intensivme intensivmed
intensivemed intensivmed
intensivtherapi intensivtherapie
intensivtherapiestat intensivtherapie
intensivtherapiestn intensivtherapie
interakt interact
interdiziplinares interdisciplinary
interdsziplinaren interdisciplinary
interdiziplinaren interdisciplinary
interdiszplinares interdisciplinary
interdiszplinare interdisciplinary
interdisziplinares interdisciplinary
interdisziplinarer interdisciplinary
interdisziplinaren interdisciplinary
interdisziplinare interdisciplinary
interdisciplina interdisciplinary
interdisziplinaire interdisciplinary
interdisziplinaere interdisciplinary
interdiszilinares interdisciplinary
interdisciplinares interdisciplinary
interdisciplinare interdisciplinary
interdisciplinaire interdisciplinary
interdiscilinary interdisciplinary
interdisziplinar interdisciplinary
interfak interfaces
interface interfaces
interfac interfaces
interfacultary interfaculty
internet internal
internetha internal
internis internal
internist internal
internpl internal
internistis internal
internistische internal
interne internal
interns internal
internisten internal
internatl internal
intern internal
interna internal
intermal internal
interist internal
interin internal
interim internal
interkulturel interkulturelle
intermediates intermediate
intermedial intermediate
intevent intervent
interventionell interventionelle
intnes intes
invalidenstrabe invalidenstras
invertebrates invertebrate
investigators investigator
irradiat irradiated
islet isle
isotopen isotope
isotopenlabon isotopenlab
iwaru iwar
jacob jacobs
jansen janssen
johns john
jose josef
josefs josef
josefskrankenhause josefskrankenhaus
josefskrankenhauses josefskrankenhaus
josephkrankenhaus josefskrankenhaus
josephs joseph
jugendl jugendliche
jugendalte jugendliche
jugendlic jugendliche
jugendalters jugendliche
jugenda jugendliche
jugendalt jugendliche
jugend jugendliche
jugendalter jugendliche
jugendkli jugendklin
jugenmed jugendmed
jugengmed jugendmed
jugendme jugendmed
jugendxedizin jugendmedizin
jugendorthopad jugendorthopadie
jugendpsychiatrie jugendpsychiat
jugenpsychiat jugendpsychiat
jugenspsychiat jugendpsychiat
jugendpsychosoma jugendpsychosomat
juli julich
julic julich
jungere junger
juveniles juvenile
kaiser kaiserin
kaisern kaiserin
kardio kardiol
kardiolog kardiol
kardio-pneumol kardiopneumol
kardiopneumonol kardiopneumol
kariovaskulare kardiovaskulare
kardiovask kardiovaskulare
kardiovaskular kardiovaskulare
kardiovaskulaere kardiovaskulare
kardiovaskula kardiovaskulare
kardiovasc kardiovaskulare
kardiolvaskulare kardiovaskulare
kardiovas kardiovaskulare
kardiopulmonol kardiopulm
kardiopulmol kardiopulm
kariopulm kardiopulm
kardiovaskularchirurgie kardiovaskularchirurg
kardiovaskularchirug kardiovaskularchirurg
kardiovaskularchiru kardiovaskularchirurg
kariol karkiol
karkio karkiol
karlsruche karlsruhe
karlsruher karlsruhe
karlsrune karlsruhe
katalyseforschung katalyseforsch
katharinenhospital katharinenhosp
katholi kathol
katholosches katholisches
katholische katholisches
katholisch katholisches
katholischen katholisches
kekul kekule
keller kepler
kellner kepler
kempen kempten
kerkhoff kerckhoff
kerchkoff kerckhoff
kerchoff kerckhoff
kerchhoff kerckhoff
kerklin kernklin
kerrphys kernphys
kernphysik kernphys
kieferchir kieferchirurg
kieferheilku kieferheilkunde
kieferheikkunde kieferheilkunde
kieferheikunde kieferheilkunde
kieferorthopad kieferorthopadie
kieferorthopodie kieferorthopadie
kieferothopadie kieferorthopadie
kierferorthopad kieferorthopadie
kielm kiel
kilin kilini
kiliani kilini
kilinikum kilnikum
kind kinder
kinde kinder
kinderch kinder
kinderc kinder
kinderchiurg kinderchirurg
kinderchirurgie kinderchirurg
kindechirurg kinderchirurg
kinderanasthesiol kinderanasthesie
kindergastroente kindergastroenterol
kinderheikunde kinderheilkunde
kinderheilk kinderheilkunde
kinderheilkund kinderheilkunde
kinderheilkune kinderheilkunde
kinderhielkunde kinderheilkunde
kinderherzzentrums kinderherzzentrum
kinderherzzent kinderherzzentrum
kinderintensivmed kinderintensivstn
kinderintensivstat kinderintensivstn
kinderkardio kinderkardiol
kinderklinik kinderklin
kinderkliniken kinderklin
kindernephrol kinderpneumol
kinderneurol kinderpneumol
kinderneuropsychiatr kinderneuropsychiat
kinderopthalmol kinderophthalmol
kinderorthopad kinderorthopadie
kinderothopad kinderorthopadie
kinderpoliklinik kinderpoliklin
kinerchirurg kinterchirurg
kindershirurg kinterchirurg
kinderspitals kinderspital
kinerurol kinderurol
kinderzahnheilku kinderzahnheilkunde
kinderzahnheilk kinderzahnheilkunde
klasse klass
klasss klass
klauentiermed klauentiere
kleine klein
kleint klein
klessman klessmann
kliiken kliken
klikikum klilikum
kliknikum klilikum
klimatforsch klimaforsch
klinikun klinikum
klinikunn klinikum
klinikym klinikum
klinilcum klinikum
klinilum klinikum
klinimuk klinikum
klinium klinikum
kliniukum klinikum
klinikums klinikum
klinkium klinikum
klinklum klinikum
klinkum klinikum
klunikum klinikum
klinimum klinikum
klinikumd klinikum
kliniken klinikum
klnikum klinikum
klinfikum klinikum
klinicum klinikum
klinien klinikum
kliniklum klinikum
klinikium klinikum
klinikin klinikum
klinikim klinikum
klinukum klinikum
klinikbereich klinikbereiches
knappschaftskrakenhaus knappschaftskrankenhaus
knaappschaftskrankenhaus knappschaftskrankenhaus
knappschafiskrankenhaus knappschaftskrankenhaus
knappschaftkrankenhaus knappschaftskrankenhaus
knappschaftkrankenhauses knappschaftskrankenhaus
knappschaft knappschafts
kniegelenkc kniegelenks
knochenerkran knochenerkrankungen
knochenerkranku knochenerkrankungen
knochenerkrankung knochenerkrankungen
knochenforschung knochenforsch
knochenkrankheiten knockenkrankheiten
knochenmarkst knochenmarktransplantat
knochenmarkstransplantat knochenmarktransplantat
knochenmarkt knochenmarktransplantat
knochenmarktr knochenmarktransplantat
knockenmarktransplantat knochenmarktransplantat
knochenmarktranspla knochenmarktransplantat
knochenmarktransplant knochenmarktransplantat
knochenmarktrasplantat knochenmarktransplantat
knochenmark knochenmarktransplantat
knochenmarktran knochenmarktransplantat
knochenmarkksdiagnost knochenmarksdiagnost
knochentumor knochentumoren
knoell knoll
koblez koblenz
kohler kohle
koehler kohle
kommunal kommunale
kommunikrat kommunikat
kompetenzen kompetenz
kompetenznetes kompetenznetz
kompetenznetze kompetenznetz
kompetenznetzes kompetenznetz
kompetenzzentrums kompetenzzentrum
komplementare komplementarmed
komplex komplexe
komplexer komplexe
kondensierter kondensierte
konserv konservat
konsiliarlab konsiliarlabor
konstruct konstrukt
konstruk konstrukt
konstruktiver konstruktiven
konsult konsultat
kontex kontext
kooperationsgruppe kooperationsgrp
koordiierungszentrum koordinierungszentrum
koordinierungszent koordinierungszentrum
kopfkliniken kopfklinikum
korean korea
kothhen kothen
krankenhmts krankenhauses
krankenhaushys krankenhauses
krankenhaushygiene krankenhauses
krankenhaushyg krankenhauses
krankenhauser krankenhauses
krankenhause krankenhauses
krankenhaus krankenhauses
krankenhaues krankenhauses
krankenhaud krankenhauses
krankenhau krankenhauses
krankenha krankenhauses
krankenhaus-hyg krankenhauses
krakenhaus krankenhauses
krankenahus krankenhauses
krank kranken
kranke kranken
krankehausabt krankenhausabt
krankenanst krankenanstalt
krankenhauszweckverband krankenhauszweckverbandes
krankheite krankheiten
krankheiter krankheiten
krebforsch krebsforsch
krebsforsc krebsforsch
krebsforschung krebsforsch
krebscentrum krebszentrum
krebsforschungszentrums krebsforschungszentrum
krebsforschungzentrum krebsforschungszentrum
krebsgesel krebsgesell
kreiskrakenhauses kreiskrankenhaus
kreiskrankenhauses kreiskrankenhaus
kreislauferkronkungen kreislauferkrankungen
kreislaufforschung kreislaufforsch
kreislaufkrankenheiten kreislaufkrankheiten
kreislauflabor kreislauflab
kriege kriegs
kriminal kriminol
krise krisen
kristalle kristallab
kristall kristallab
kristallabor kristallab
kristallogr kristallog
kronkenhaus krnakenhaus
kroellwitz krollwitz
krollwittz krollwitz
kroener kroner
kryotechnol ktyotechnol
kuhne kuhn
kuehn kuhn
kuehne kuhn
kulter kultur
kulturv kultur
kulturwissesch kulturwissensch
kulturwissenschaftliche kulturwissensch
kulturwissenschaft kulturwissensch
kunst kunstl
kunste kunstl
kunstliches kunstliche
kunstostoff kunststoffe
kunststofftechnol kunststofftech
kunststoffverarbeit kunststoffverarbeitung
kuratorium kuratoriums
labo labour
labor labour
laboratoriums laboratoriumsmed
lahnbergen lahnberge
lahrkrakenhaus lahrkrankenhaus
lamberene lambarene
landbau landau
landbaues landau
lande landes
lander landes
landesantstalt landesanstalt
landesflege landespflege
landeskrankenhauses landeskrankenhaus
landesstellen landesstelle
landesversicherungsantalt landesversicherungsanstalt
landkreises landkreis
landlicher landliche
landnat landnut
landscapes landscape
landscaped landscape
landschaft landschaftsokol
landschaftkol landschaftsokol
landschafts landschaftsokol
lanwirtschftliche landwirtschaftlich
landwirtshaftlich landwirtschaftlich
landwirtschaftsl landwirtschaftlich
landwirtschaftlicher landwirtschaftlich
landwirtschaftlichen landwirtschaftlich
lanwirtschaftliche landwirtschaftlich
landwirtschaftl landwirtschaftlich
landwirtschaft landwirtschaftlich
landwirtschafliche landwirtschaftlich
landwirtschaftliche landwirtschaftlich
langer langen
langendreen langendreer
langerhan langerhans
langerhaus langerhans
languages language
laparoscop laparoscopy
laserlab laserlabor
latein latin
lauflab lauflabor
lebenslau lebenslauf
lebensmitt lebensmittel
lebensmittelinst lebensmittel
lebensmitteln lebensmittel
lebensmittelchem lebensmittelhyg
lebensmittelrheol lebensmittelhyg
lebensmittelhygiene lebensmittelhyg
lebensmittelsicherh lebensmittelsicherheit
lebensmittelsicherhe lebensmittelsicherheit
lebensmittelswissensch lebensmittelwissensch
lebensmittelwissen lebensmittelwissensch
lebensmittelwissenc lebensmittelwissensch
lebensmittelwissens lebensmittelwissensch
lebensmittelwissenschaften lebensmittelwissensch
lebensmitteltech lebensmitteltechnol
lebensmittettechnol lebensmitteltechnol
lebensmittelverfahrenstech lebensmittelverfahrenstechnik
lebenswissenschaftliche lebenswissensch
lebenswissenschaftl lebenswissensch
lehgebiet lehrgebeit
lehrgebit lehrgebeit
lehrgebiet lehrgebeit
lehrkranhaus lehrkankenhaus
lehrkranhenhaus lehrkankenhaus
lehrkrankehaus lehrkankenhaus
lehrkranken lehrkankenhaus
lehrkrankenahus lehrkankenhaus
lehrkrankenh lehrkankenhaus
lehrkrnakenhaus lehrkankenhaus
lehrkrankenhaus lehrkankenhaus
lehrkrankenhauser lehrkankenhaus
lehrkrankenhauses lehrkankenhaus
lehrkrankenhuas lehrkankenhaus
lehrkrankenliaus lehrkankenhaus
lehrkrankhaus lehrkankenhaus
lehrkranenhaus lehrkankenhaus
lehrrankenhaus lehrkankenhaus
lehrurankenhaus lehrkankenhaus
lehrkrankenhau lehrkankenhaus
lehrkrane lehrkankenhaus
lehrkrakenhaus lehrkankenhaus
lehrkenkenhaus lehrkankenhaus
lehkrankenhaus lehrkankenhaus
lehrankenhaus lehrkankenhaus
lehrbereich lehrbereiech
lehrkr lehrkrh
lehrpraxisklinik lehrpraxisklin
lehstuhl lehrstuhl
lehstruhl lehrstuhl
lehrstuhles lehrstuhl
lehrstul lehrstuhl
lehrstuhlder lehrstuhl
lehrstuhal lehrstuhl
lehrstuh lehrstuhl
lehrstudhl lehrstuhl
lehrsthul lehrstuhl
lehrstahl lehrstuhl
leibni leibniz
leibnitz leibniz
leipniz leibniz
leipig leipzig
leipziger leipzig
leipzip leipzig
leiipzig leipzig
leisner leissner
leistung leitung
leistungs leitung
leistungselektron leistungselekt
leistungselek leistungselekt
leitlinie leitlinien
lepizig leizpig
leizig leizpig
lepoldshafen leopoldshafen
leukaemia leukemia
leukemias leukemia
leukamieforsch leukaemieforsch
leukamien leukamie
levekusen leverkusen
levels level
lichen licher
liches licher
lich licher
liche licher
liebeg liebig
ligh light
liminol limnol
lingen linder
liner linder
line linder
linden linder
lindenburg lindenberg
linderhof lindenhof
lippen lippe
literature literatur
live liver
loeffter loeffler
logistik logstik
longitudinally longitudinal
lubek lubeck
lubbeck lubeck
lubbock lubeck
luedenscheid ludenscheid
ludwg ludwig
ludwi ludwig
ludwigs ludwig
ludw ludwig
ludwigshafeng ludwigshafen
ludwigshafe ludwigshafen
ludwighshafen ludwigshafen
ludwighafen ludwigshafen
ludwigschaft ludwigshafen
luenburg luneburg
lueneburg luneburg
luftrettungs luftrettung
luis luise
lunge lunen
lungen lunen
lungenclin lungenklin
lungenkli lungenklin
lungenfachkliniken lungenfachklin
lungenforschung lungenforsch
lungentumorzentru lungentumorzentrum
lymphknot lymphknoten
lymphome lymphoma
lymphom lymphoma
lymphol lymphoma
lymphog lymphoma
lymphomas lymphoma
lymphob lymphoma
lymphode lymphoma
lymphnode lymphoma
lymphographie lymphograph
lysosomale lysosomal
machiens machine
machinery machine
machines machine
macroecon macroecol
magdegurg magdeburg
magedeburg magdeburg
magnetismus magnetism
magnetlab magnetlabor
magnetosharenphys magnetospharenphys
makromolek makromol
makrookon makrookonom
makroskopie makroskop
maligna maligne
malignancie malignancies
maltester malteser
mammal mamma
mammachirurg mammachirurgie
mammazentrum mammazentrun
manag management
manage management
managem management
manageme management
managemen management
managment management
manheim mannheim
manhheim mannheim
mannehim mannheim
mannheimer mannheim
mannhein mannheim
mannhelm mannheim
mannh mannhe
marburger marburg
marbueg marburg
marbug marburg
marchionini marchioninistr
marianhosp marienhosp
marienshosp marienhosp
marie marine
marien marine
maries marine
marion marine
marker markt
markers markt
markert markt
market markt
markets markt
markte markt
markische markisch
martini martin
martins martin
martens martin
martinstried martinsried
martiensried martinsried
maschine maschinen
mashinenbau maschinenbau
maschinesyst maschinensyst
masen masern
matern masern
matters matter
master matter
mathias matthias
maximilans maximilians
maximillian maximilians
maximillians maximilians
maximilian maximilians
maxilimians maximilians
maxillofac maxillofacial
maxillfacial maxillofacial
measurements measurement
medecin medecine
medi media
median media
medica media
medical media
medicat media
medien media
medievale medieval
medigrief medigreif
medius medis
meeresforschung meeresforsch
meerewissenschaft meereswissensch
meereswissenschaften meereswissensch
meereswissenschaft meereswissensch
meet meets
melanom melanoma
melanome melanoma
membrace membrane
membran membrane
membranes membrane
meningokokkenlab meningokokken
menopaus menopause
mertheim merheim
merhei merheim
messtechn messtech
meta metab
metabo metab
metabol metab
metabolomoforsch metabolomforsch
metal metall
metallforschung metallforsch
meterol meteorol
metrol meteorol
method methods
methode methods
methoden methods
metropolita metropolitan
metropol metropolitan
metropolit metropolitan
microbial microbiol
mickrobiol microbiol
micoactuators microactuators
microcatuators microactuators
microanal microanat
microbes microbe
microcirulat microcirculat
microelectr microelect
microenvironment microenvironm
microfluidics microfluid
microscop microscopy
microscope microscopy
microsys microsyst
micrsyst microsyst
miecrotechnol microtechnol
microwaves microwave
mikobielle mikrobielle
mikrobiello mikrobielle
mikroanalyt mikroanat
mikrobio mikrobiol
mikrobiolog mikrobiol
mikrochirurgie mikrochirurg
mikroelectr mikroelekt
mikrokinetik mikrokinet
mikromech mikrotech
mikroperipher mikroperipherik
mikroskopie mikroskop
mikrosk mikroskop
mikroscopie mikroskop
mikrostruct mikrostrukt
mikrowelientech mikrowellentech
mikrowellentechn mikrowellentech
minamally minimally
mindens minden
minerals mineral
mineraol mineral
minerol mineral
minimisat minimizat
minizisat minimizat
minist mins
minst mins
missiol mission
mitarbeiterin mitarbeiter
mitarbeiterinnen mitarbeiter
mitochondriale mitochondrial
mittel mitte
mittelatters mittelalters
mittelalter mittelalters
mittelalterl mittelalters
mobil mobile
mode models
model models
modell models
modelling modeling
modern moderne
module modul
modules modul
moggingen moeggingen
mole molec
molecuar molecular
moleculargenet molekulargenet
moor moore
morals moral
mortal moral
morganstelle morgenstelle
morpho morphol
morsbach mosbach
motilitaets motilitat
motoneuronererkrankungen motoneuronenerkrankungen
motoneuronerkrankungen motoneuronenerkrankungen
muehlenkreiskliniken muhlenkreiskliniken
muelheim mulheim
mueller muller
muenter muenster
mukovizidose mukoviszidose
mukoviszidosectr mukoviszidose
muldimedia multimedia
multimedialer multimedia
multi mult
multimodale multimodal
multiples multiple
multisensor multisensory
multisensories multisensory
muncih munich
muniche munich
munchner munich
munichen munich
munchent munich
munch munich
munchen munich
munchem munich
munche munich
munchener munich
municipial municipal
municip municipal
muncipal municipal
muncipial municipal
mungerdorf mungersdorf
munter munster
muskel muscle
muscel muscle
muscoskeletal musculoskeletal
muskuloskeletal musculoskeletal
muskuloskeletale musculoskeletal
muskuloskelettales musculoskeletal
muskuloskeletales musculoskeletal
muskuloskelettale musculoskeletal
muskoloskelettale musculoskeletal
muskiloskeletale musculoskeletal
musculosketal musculoskeletal
musculoskeletale musculoskeletal
musculoskelatal musculoskeletal
musculosceletal musculoskeletal
musculosketeal musculoskeletal
museumsfluegel museumsflugel
muskellabor muskellab
mycobacteria mycobacteriol
myelom myeloma
nachhlatiges nachhaltige
nachrichtentechn nachrichtentech
nachrichtentechnik nachrichtentech
nachwachsend nachwachsende
nachwuchsgru nachwuchsgrp
nachwuchgrp nachwuchsgrp
nahrungsmit nahrungsmittel
nanobiosystem nanobiosyst
nanoelectr nanoelect
nanoelekt nanoelect
nanoelektron nanoelektronik
nanoma nanomat
nanomedi nanomed
nanooptic nanoopt
nanopartikel nanoparticles
nanoparticle nanoparticles
nanostructure nanostruct
nanostruktur nanostruct
nansyst nanosyst
nanotechno nanotechnol
nation nations
naturw natur
naturheilkundl naturheilkunde
naturheilkundliche naturheilkunde
naturheilkunl naturheilkunde
naturstoff naturstoffe
natwissensch naturwissensch
naturwissenschaftliche naturwissensch
naturwissenschaftlich naturwissensch
naturwissenschaftler naturwissensch
naturwissenschaften naturwissensch
natuwissensch naturwissensch
naturwissenschaf naturwissensch
naturwissench naturwissensch
naturwissen naturwissensch
naturwisensch naturwissensch
naturwissenschaft naturwissensch
naviagat navigat
neonato neonatol
neonatal neonatol
nephrolab nephrol
neprhol nephrol
nerve nerven
netteachin netteaching
networked network
networks network
netzwer netzwerke
neuherbera neuherberg
neuherbetg neuherberg
neuherborg neuherberg
neuherburg neuherberg
neuhererg neuherberg
neuerberg neuherberg
neuheiberg neuherberg
neuherber neuherberg
neuberberg neuherberg
neue neuen
neuenheim neuenheimer
neuer neuere
neugeborene neugeborenen
neukoln neukolln
neukolin neukolln
neukoelln neukolln
neuklin neukolln
neunkrichen neunkirchen
neurale neural
neuraler neural
neurl neural
neuranat neuroanat
neurob neuro
neuroanasthesie neuroanesthesia
neurobioloy neurobiol
neurobiology neurobiol
neurobion neurobiol
neuroch neurochem
neurochirg neurochirurg
neurochirug neurochirurg
neurochirurgie neurochirurg
neurodegnerat neurodegenerat
neurodegerierat neurodegenerat
neurodegenert neurodegenerat
neurodegener neurodegenerat
neuroembryol neuroembryon
neuroendokrinol neuroendocrinol
neuroendokrine neuroendocrinol
neuroendokrin neuroendocrinol
neuroendocrino neuroendocrinol
neuroendocrine neuroendocrinol
neuroeth neuroethol
neurogenotn neurogenet
neurogenerat neurogenet
neurogenom neurogenet
neuromimmunol neuroimmunol
neuroimmuno neuroimmunol
neuroimunol neuroimmunol
neuroinform neuroinformat
neurool neurol
neuroo neurol
neurology neurolog
neurologischem neurologischer
neuromuskulare neuromuscular
neuromuskulares neuromuscular
neuronale neuronal
neuronucl neuronukl
neuroonkol neurooncol
neurophthalmol neuropathol
neuroophathalmol neuropathol
neuroophtalmol neuropathol
neuroophthalmol neuropathol
neuroophthmol neuropathol
neuropatholmol neuropathol
neuroorthopad neuroorthopaed
neuroorthopadie neuroorthopaed
neuroorthoped neuroorthopaed
neuroped neuropad
neuropaed neuropad
neuropaediat neuropediat
neuropaediatr neuropediat
neuropadiatr neuropediat
neuropadiat neuropediat
neuropediatr neuropediat
neuropadiatrie neuropediat
neuropharmakol neuropharmacol
neuroplastic neuroplast
neuroprotect neuroprote
neuropsy neurops
neuropsychait neuropsychiat
neuropsychiatry neuropsychiat
neuropsychool neuropsychol
neuropsychopharmakol neuropsychopharmacol
neuroradiat neuroradiol
neuroradol neuroradiol
neuroradi neuroradiol
neuroradial neuroradiol
neuroradiopharm neuroradiopharmaka
neurorehab neurorehabil
neurorehabilita neurorehabil
neurorehabilitat neurorehabil
neurorehabilitation neurorehabil
neurorestorat neurorestaurat
neuros neurosci
neurosc neurosci
neuroscien neurosci
neuroscience neurosci
neurosic neurosci
neurot neurosci
neurosensor neurosensory
neurosurge neurosurg
neurotechn neurotechnol
neurowissenschaft neurowissensch
neurowissenschaften neurowissensch
neurowisensch neurowissensch
neurowissench neurowissensch
neutrom neutron
nichtmetallische nichtmetallisch
niederberger niederberg
niederrheim niederrhein
niedersachsen niedersachs
niederurseler niederursel
niere nieren
niren nieren
nierenand nierenund
norddeutsch norddeutsches
nordehein nordrhein
nordhein nordrhein
nordrhei nordrhein
nordrheim nordrhein
nordrhem nordrhein
nordrheinwestfa nordrheinwestfalen
nordwestdeutsche nordwestdeutsch
normale normal
normat normal
notaufnahmestn notaufnahme
nuclear nuklearmed
nuclearmed nuklearmed
nuklear nuklearmed
nuklearme nuklearmed
nueremberg nurnberg
nuermberg nurnberg
nuernberg nurnberg
nurmberg nurnberg
nurenberg nurnberg
nuremberg nurnberg
nurberg nurnberg
numberg nurnberg
nuerol nurol
nuthethal nuthetal
nutit nutrit
nutrigen nutrigenom
nutzierethol nutztierethol
nutztierbiol nutztierokol
oberarztin oberarzt
oberbayer oberbayern
oberes oberer
obere oberer
oberflachentechnol oberflachentech
oberpfaffenhafen oberpfaffenhofen
oberpfaffenhofe oberpfaffenhofen
oberpfaffenhoffn oberpfaffenhofen
oberschleilssheim oberschleissheim
oberschleisshei oberschleissheim
oberschlessheim oberschleissheim
oberschwalbenklin oberschwabenklin
obstert obstet
oeynhaysen oeynhausen
oeynhaussen oeynhausen
oeyhausen oeynhausen
oeyenhausen oeynhausen
offentliches offentlichen
offentliche offentlichen
ohrenheikunde ohrenheilkunde
ohrenheilkund ohrenheilkunde
ohreheilkunde ohrenheilkunde
ohrenkrankeder ohrenkranke
ohrenkrankheit ohrenkrankheiten
okonometrie okonometr
onckol oncol
onokol oncol
onkol oncol
oncogen oncogenet
oncolory oncology
onkofog onkolog
ontol onto
opert operat
oparat operat
operationen operativen
operations operativen
ophthalmology ophthalmol
opthalmol ophthalmol
ophthalmic ophthalmol
ophthalmo ophthalmol
ophtalmol ophthalmol
opthalmology ophthalmol
ophthalm ophthalmol
opthalm ophthalmol
ophth ophtha
ophthalmopatholog ophthalmopathol
opti optic
optimas optima
optoelectr optoelect
orders order
organs organ
organism organismal
organtranssplantat organtransplantat
orientat oriental
origin origins
orthob orthopt
orthop orthopt
orthodontie orthodont
orthodint orthodont
ortopad orthopad
orthopoed orthopad
orthopedy orthopad
orthopedie orthopad
orthoped orthopad
orthopeadie orthopad
orthpadie orthopad
orthopaedie orthopad
orthopadie orthopad
orthopead orthopad
orthopaed orthopad
orthopadiezentrum orthopediezentrum
ortopadisch orthopadisch
osnabrueck osnabruck
osnabruk osnabruck
ossiezky ossietzky
ossietzly ossietzky
ossietzyk ossietzky
ossietky ossietzky
ossierzky ossietzky
osteoarkomstudiengrp osteosarkomstudiengrp
osteopathy osteopathol
osteoporos osteoporosis
osteoporose osteoporosis
osteosarscoma osteosarcoma
otfried-muller otfried-muller-str
othorhinolaryngol otorhinolaryngol
otorhinolarygol otorhinolaryngol
otorhinolaryn otorhinolaryngol
otorhinolaryntol otorhinolaryngol
otorhinoolaryngol otorhinolaryngol
outcome outcomes
outpatients outpatient
pada padag
padagogen padagog
paedia paediat
paedi paediat
padiet paediat
paed paediat
padiatri paediat
padiatre paediat
padiatr paediat
padiat paediat
padiatrie paediat
paint pain
palaobiol palaeobiol
palaeoclimate paleoclimate
paleoecol palaeoecol
palaeoenvironm paleoenvironm
paleontol palaontol
palantol palaontol
palaeontol palaontol
palaoanthropol paleoanthropol
pallat palliat
palliativ palliat
palate palliat
palli palliat
palat palliat
pallia palliat
paleoceanog paleoceanol
pallativmed palliativmed
pancreas pankreas
pancreat pankreas
parodonto parodontol
parodont parodontol
paradontol parodontol
parodon parodontol
parkinson parkinsons
partizipat participat
partikeltech partikeltechnol
partnet partner
partners partner
pathobioche pathobiochem
pathobiolchem pathobiochem
pathiobiochem pathobiochem
pathobioch pathobiochem
pathogen pathogenesis
pathogene pathogenesis
pathogenese pathogenesis
pathogens pathogenesis
pathogenicity pathogenic
pathophysol pathophysiol
patiente patient
patienten patient
patients patient
pauwelsst pauwelsstr
pediatry pediat
pediatr pediat
pedia pediat
pedi pediat
peidat pediat
peadiatr pediat
peptid peptide
peptides peptide
peridontol periodontol
periodont periodontol
perinatol perinatal
perinatale perinatal
perinatalmed perinatal
perioiperat perioperat
periphere periphery
personalised personalized
perspect perspekt
petrog petrol
pferde pferdes
pflanzenphys pflanzenphysiol
pflanaenphysiol pflanzenphysiol
pflanzenbauwissenschaften pflanzenwissensch
pflanzenbauwissensch pflanzenwissensch
pflanzenprot pflanzenprod
pflanzensch pflanzenschutz
pfleger pflege
pflegeberuf pflegeberufe
pflegeforschung pflegeforsch
pflegepadog pflegepadagog
pflegepad pflegepadagog
pflegepadag pflegepadagog
pflegewissench pflegewissensch
pflegewissenschaft pflegewissensch
phacomatoses phakomatosen
pharmcol pharmacol
pharmakol pharmacol
pharmaol pharmacol
phamakol pharmacol
phamacol pharmacol
pharam pharm
pharma pharm
pharmakoepidemiol pharmacoepidemiol
pharmakokinet pharmacokinet
pharmacogenom pharmacokinet
pharmacogenet pharmacokinet
pharmacogen pharmacokinet
pharmakovigilanz pharmacovigilance
pharmforsch pharmaforsch
pharmzentrum pharmazentrum
pharmazeuten pharmazeut
philosophicum philosoph
philosophie philosoph
philosophy philosoph
philosph philosoph
philosophi philosoph
philiosoph philosoph
philips philipps
phillipps philipps
phillips philipps
philipp philipps
philip philipps
phillipp philipps
philos philol
philolog philologie
philosophischen philosophisch
phoniatry phoniatr
photiatr phoniatr
phoniatrie phoniatr
phoniat phoniatr
phonton photon
photo photon
photog photon
photoelastic photoelast
phykol phycol
physik physiol
physiolog physiol
physio physiol
physikzentrum physzentrum
physiopathol phytopathol
physiotherapy physiotherapie
phytotherapie physiotherapie
phytooopt phytoopt
pigmente pigments
planct planck
plank planck
plant planck
plants planck
planetol planktol
planungs planung
plasmas plasma
plasmaphe plasmaphys
plasmaphy plasmaphys
plasmphys plasmaphys
plasti plast
platforms platform
pnemol pneumol
pneum pneu
poison poisons
polyklin poliklin
polyclin poliklin
polklin poliklin
polilklin poliklin
poliklinken poliklin
polikliniken poliklin
poliklinik poliklin
polikli poliklin
polilinik poliklin
polikin poliklin
polikl poliklin
policl poliklin
policlin poliklin
police poliklin
policy poliklin
policn poliklin
polik poliklin
politikwissen polizeiwissensch
politikwissensch polizeiwissensch
politwissensch polizeiwissensch
polymers polymer
polymere polymer
polytechn polytech
poppelsdorf poppelsdorfer
poppeisdorfer poppelsdorfer
poppeldorfer poppelsdorfer
postdam potsdam
powder power
praevent pravent
praven pravent
pralin praklin
pranatalmed pranatale
pranatal pranatale
praventivzahnmed praventivzhanmed
pregnancy pregnanc
prenziauer prenzlauer
presentat prevent
preve prevent
preven prevent
preventat prevent
privaten primate
private primate
primates primate
privat primate
primaten primate
process profess
processes profess
proctol procto
produckt product
produkt product
programme program
programm program
programe program
programmbere programmbereich
projects project
projekt project
projekte project
projekts project
proktolog proktol
prompt promot
propadeut propaedeut
propertie properties
prosect protect
prothetik prosthet
prothet prosthet
prote prot
proteine protein
proteom proteome
prozessautomatisier prozessautomatisierung
prozessautomatisieru prozessautomatisierung
prozesstechnol prozesstech
prugungsanstalt prufungsanstalt
pruefungsanstalt prufungsanstalt
prufungs prufung
psychiatrie psychiat
psychiatr psychiat
psychiate psychiat
psychait psychiat
pschiat psychiat
psorasis psoriasis
psychoses psychol
psychoseris psychol
psychosen psychol
psychose psychol
psychos psychol
psychosis psychol
psycho psychol
psychi psychol
psyc psychol
psych psychol
psyche psychol
psychbiol psychobiol
psychoanalyt psychoanal
psychologin psycholog
psychosom psychosomat
psychosmoat psychosomat
psychosamat psychosomat
psychosmat psychosomat
psychosomatik psychosomat
psychosoz psychosomat
psychomat psychosomat
psychosomatic psychosomat
psychometr psychometrie
psychoonkol psychooncol
psychopharmakol psychopharmacol
psychopharma psychopharmacol
psychophys psychophysiol
psychosozialer psychosocial
psychosozialen psychosocial
psychosoziales psychosocial
psychosozaile psychosocial
psychosociale psychosocial
psychosoziale psychosocial
psychotherapir psychotherapy
psyschotherapy psychotherapy
psyuchotherapie psychotherapy
psycotherapy psychotherapy
psycotherapie psychotherapy
psychotherpy psychotherapy
psychotherpie psychotherapy
psychotherpeut psychotherapy
psychotherpay psychotherapy
psychotherapyl psychotherapy
psychotherapie psychotherapy
psychotehrapy psychotherapy
psychothe psychotherapy
psychoth psychotherapy
psychotherapi psychotherapy
psychoterapie psychotherapy
psychother psychotherapy
psychothera psychotherapy
psychot psychotherapy
psychotherapeut psychotherapy
psychotherapeutin psychotherapy
psychotheraphy psychotherapy
psychotherap psychotherapy
psychotherapleambulanz psychotherapieambulanz
psychotraumato psychotraumatol
publikat publicat
pulmo pulm
pulmol pulm
pulmon pulm
pulmonolgy pulmonol
pulmunol pulmonol
qualitats qualitat
qualitatsmanageme qualitatsmanagement
quedlinbu quedlinburg
querschnittgelahmten querschnittgelahmtenzentrum
querschnittgelahmtenzent querschnittgelahmtenzentrum
querschnnittgelahmtenzentrum querschnittgelahmtenzentrum
radies rabies
radia radiat
radion radiol
radiog radiol
radio radiol
radioon radiol
radioch radiochem
radioisotopen radioisotopes
radiologym radiolog
radiooncol radioonkol
radioonkolgie radioonkol
radioonokol radioonkol
radiopharmazeut radiopharmaceut
radiopahrmaceut radiopharmaceut
radiophamaceut radiopharmaceut
radiopharmacy radiopharmacol
radiotheapy radiotherapy
radiotherapie radiotherapy
raiser rainer
raketanstn raketenstn
rath raths
rationale rational
ratzbur ratzebur
raucherentwoehnung raucherentwohnung
raume raum
raumkilmatech raumklimatech
reactors reactor
reaktor reactor
reactorsicherheit reaktorsicherheit
rechen rechnen
rechnungswesen rechungswesen
recht rechts
rechtswissenschaft rechtswissensch
reconstuct reconstruct
reconstruc reconstruct
reconstrukt reconstruct
recontruct reconstruct
refenzzentrum referenzzentrum
referenzzentrums referenzzentrum
referats referate
referenzlabor referenzlab
regelungs regelung
regelungen regelung
reglungstech regelungstech
regenburg regensburg
regensbur regensburg
regenrat regenerat
registy registry
registers registry
register registry
regist registry
registery registry
regula regulat
regulato regulat
regulatory regulat
rehab reha
rehail rehabil
rehibil rehabil
rehabio rehabil
rehabili rehabil
rehablitat rehabilitat
rehaclin rehaklin
rehazentren rehazentrum
rehazentrums rehazentrum
rehbruck rehbrucke
rehbruke rehbrucke
reich reichertz
reiche reichertz
reicher reichertz
reiches reichertz
reichhardt reichardt
reinhardshausen reichartshausen
reinhardsh reinhard
rekonstruckt rekonstrukt
rekonstruct rekonstrukt
rekostrukt rekonstrukt
relationship relationships
remo remod
remodelling remodeling
rentenversicheung rentenversicherung
replant replantat
reprogrammi reprogramming
reserach research
reserch research
researech research
reseach research
resaerch research
reservoirs reservoir
residenz resident
residues residue
resistan resistances
resistance resistances
resistant resistances
resourc resources
resource resources
respos respon
response respon
responses respon
respons respon
ressourcenm ressourcen
ressourcenschu ressourcenschutz
retina retinal
retinol retinal
rettung rettungs
rettungsstelle rettungsstellen
revie review
reviews review
rheins rhein
rheinl rhein
rheine rhein
rheini rhein
rheinisch rheinische
rheinish rheinische
rhenish rheinische
rheinpflaz rheinpfalz
rheumotol rheumatol
rheumetol rheumatol
rheumato rheumatol
rheumat rheumatol
rheuma rheumatol
rheu rheumatol
rheum rheumatol
rheumaorthopad rheumaorthopadie
rheumaorthopaed rheumaorthopadie
rheumazentrums rheumazentrum
rheumazantrum rheumazentrum
rhino rhinol
ries riesa
rindes rinder
riskobewertung risikobewertung
robots robot
roesse roessle
rongten rontgen
rontgenabte rontgenabt
rontgendiag rontgendiagnost
rontgendiagn rontgendiagnost
rontgendiagnostik rontgendiagnost
rontgengesell rontgengesellsch
rossendolf rossendorf
rossie rossle
roteln roten
rotherburg rotenburg
rothenburg rotenburg
roussell roussel
rubber rubner
ruckenmarksverletzte ruckenmarkverletzte
rudilf rudolf
rudulf rudolf
ruhrgebeit ruhrgebiet
ruhrgebiets ruhrgebiet
ruhgrebiet ruhrgebiet
rurhland ruhrland
ruhrlandklinik ruhrlandklin
rurhlandklin ruhrlandklin
rurhlandlkin ruhrlandklin
ruminant ruminants
rummelsberger rummelsberg
ruppur ruppurr
ruprechts ruprecht
rurale rural
russelheim russelsheim
russelshiem russelsheim
saarbruecken saarbrucken
saarlandes saarland
saarlands saarland
sachgebietsleitung sachgebietsleiter
safeguard safeguards
salmonellae salmonella
sarco sarc
sarcomas sarcoma
sarcome sarcoma
sarcopenie sarcopenia
sauerbruchstr sauerbruch
saxon saxony
schdlinge schadlinge
scheer scheel
scheswig schewig
schichlen schicht
schichte schicht
schichten schicht
schifffahrtmed schifffahrtsmed
schildautal schikdautal
schilddrusen schilddruse
schillerhohe schillerhoehe
schizophrenie schizophrenia
schlaf schlafmed
schlafm schlafmed
schlaflabor schlaflab
schlaganfallstat schlaganfallstn
schlass schloss
schlossa schloss
schlewig schleswig
schlewsig schleswig
schlobergklin schlossbergklin
schlosspark schlosspk
schmerztherpie schmerztherapie
schmerztherapi schmerztherapie
schmerztherap schmerztherapie
schmerzthera schmerztherapie
schmerzther schmerztherapie
schmerzth schmerztherapie
schmerzt schmerztherapie
schnerztherapie schmerztherapie
schmerz schmerztherapie
schmertherapie schmerztherapie
schmertztherapie schmerztherapie
schmerzhe schmerztherapie
schmerzzcentrum schmerzzentrum
schoen schon
schonau schoenau
schuber schubert
schuberg schubert
schulpadagog schulpadag
schulz schutz
schut schutz
schwaan schwann
schwal schwab
schwabinger schwabing
schwangeren schwangere
schwarswald schwarzwald
schwarzwal schwarzwald
schwarzenbeck schwarzenberg
schwarzenbek schwarzenberg
schweiz schweitzer
schweizer schweitzer
schwemmingen schwenningen
schwerbrandverletzte schwerbrandverletztenzentrum
schwerbranverletzte schwerbrandverletztenzentrum
schwerbrandverletztenzen schwerbrandverletztenzentrum
schwerbrandverletzten schwerbrandverletztenzentrum
schwerbrandverletzt schwerbrandverletztenzentrum
schwertsbranderletzte schwerbrandverletztenzentrum
schwerbrandverletz schwerbrandverletztenzentrum
schwerbrandverlet schwerbrandverletztenzentrum
schwerbrandverle schwerbrandverletztenzentrum
schwerbrandver schwerbrandverletztenzentrum
schwerbrandveletzten schwerbrandverletztenzentrum
schwerbrandverletzenzentrum schwerbrandverletztenzentrum
schwerstbrandverletzte schwerbrandverletztenzentrum
schwerioneforsch schwerionenforsch
schwerpunky schwerpunkt
schwerpunkts schwerpunkt
schwerpunktes schwerpunkt
schwerpukt schwerpunkt
schwerpunkte schwerpunkt
schwerpunk schwerpunkt
schwerpunkten schwerpunkt
schwerpunktprogramm schwerpunktprogramms
schwerstverbranntenzentrum schwerverbranntenzentrum
schwerstverbranntenzentum schwerverbranntenzentrum
scientist scientists
scleros sclerosis
secure secur
sedimentare sedimentary
segeberg segeberger
selbstandige selbststandige
selbstandiger selbststandige
selbsthilfeforschun selbsthilfeforsch
selbsthilfeforschung selbsthilfeforsch
selfist selfish
seminars seminar
senftenberg senckenberg
senior sensory
sensors sensory
sensor sensory
seniorenzentrum seniorenzentren
sensorimotor sensomotor
sensomotorik sensomotor
sequenzlabor sequenzlab
severa severe
sexualforschung sexualforsch
sexuallforsch sexualforsch
sfb15 sfb815
share shared
sichere sicherheit
sicherhe sicherheit
sicherheitstechn sicherheitstech
sieben siegen
signals signal
signalling signaling
silico silicon
silicas silicon
silica silicon
sinol sino
sites site
slawist slavist
sociol social
socio social
soical social
socciol social
somat soma
sommerfield sommerfeld
sondersforsch sonderforsch
sonderpadagog sonderpadag
soziales sozialmed
sozialer sozialmed
sozialm sozialmed
sozial sozialmed
soziale sozialmed
sozialoekon sozialokon
sozialpad sozialpadiatr
sozialpadag sozialpadiatr
sozialpadagog sozialpadiatr
sozialpadi sozialpadiatr
sozialpadiat sozialpadiatr
sozialpadiatrie sozialpadiatr
sozialpaedag sozialpadiatr
sozialpediat sozialpadiatr
sozialpol sozialpolit
sozialwissenchaften sozialwissensch
sozialwissenschaft sozialwissensch
soziolwissenschaft sozialwissensch
sozio soziol
spandauer spandau
sparta sparte
spatiale spatial
speciat special
specialists specialist
specialized specialist
specialised specialist
spectrometr spectrometry
spezialle spezielle
spezille spezielle
spital spinal
sportw sports
sportm sports
spor sports
sport sports
sportsmed sportmed
sportsorthoped sportorthopadie
sportorthad sportorthopadie
sportorthopad sportorthopadie
sportortho sportorthopadie
sportorthoped sportorthopadie
sportpadagogik sportpadagog
sportstraumatol sporttraumatol
sportwissenschaft sportwissensch
sportswissensch sportwissensch
sprache sprach
sprecherin sprecher
sprunggelenkschirurg sprunggelenkchirurg
staat staatl
stadtbibliothek staatsbibliothek
staatsvet staatvet
stabstelle stabsstelle
stadte stadt
staedt stadt
stade stadt
stad stadt
stadtr stadt
stadtischen stadtisches
stadtische stadtisches
stadtkrankenhauses stadtkrankenhaus
stadtkrankenhus stadtkrankenhaus
stadtwald stadwald
stammzelltransplanta stammzelltransplantat
standardizat standardisat
standardized standardisat
standorte standort
standport standort
stanport standort
stapyhlococci staphylococci
state stat
steel stelle
steele stelle
stellv stelle
steile stelle
steil stelle
stegerwald steigerwald
steiner steiger
stellvertretende stellvertretender
stereitaxy stereotaxy
stereotasie stereotaxy
stereotaxie stereotaxy
stereoakt stereotact
stereotakt stereotact
sterile steril
steroidlabor steroidlab
stifshosp stiftshosp
stifts stift
stiiftung stiftung
stiftungslehrs stiftungslehrstuhl
stifungslehrst stiftungslehrstuhl
stitfungslehrstuhl stiftungslehrstuhl
stih stihl
stochastik stochast
stof stoffe
stoff stoffe
stoffw stoffe
stoffl stoffe
stoffwechel stoffwechsel
stoffwechs stoffwechsel
stoffwechsels stoffwechsel
stoffwechselbiochem stoffwechselbiochim
stoffwechsellabor stoffwechselklin
stoffwechsellab stoffwechselklin
stoffwechselkrankeiten stoffwechselkrankheiten
stoffwechselkrankheite stoffwechselkrankheiten
storunge storungen
storung storungen
strafrechtl strafrecht
straheninst strahleninst
strahleklin strahlenklin
strahenklin strahlenklin
strahlen-therapie strahlentherapie
stralentherapie strahlentherapie
strahlentherapieabt strahlentherapie
strahlentherapi strahlentherapie
strahlentherapeut strahlentherapie
strahlenrtherapie strahlentherapie
strahentherapie strahlentherapie
strahlendiagnostik strahlendiagnost
strahlenforschung strahlenforsch
strahlenheillkunde strahlenheilkunde
strahlenkunde strahlenheilkunde
strahlenheikunde strahlenheilkunde
strahlenhielkunde strahlenheilkunde
strahlenthe strahlenphys
strahlenph strahlenphys
strategy strateg
strategies strateg
strategie strateg
straubling straubing
strepococci streptococci
stromaier strohmaier
stromungstech stromungsmech
stromungstechn stromungsmech
strukt struct
struktanal strukturanal
strukturanalyt strukturanal
strukturelle strukturen
strukturell strukturen
strukturforschung strukturforsch
studien studies
studie studies
studiozentrum studienzentrum
studium studiums
stutthart stuttgart
stuttaart stuttgart
stuttgar stuttgart
substn subst
subtropen subtrop
suchlmed suchtmed
suchtfors suchtforsch
suddeutsch suddeutsche
suedstadt sudstadt
suedwest sudwest
suedwuerttemberg sudwurttemberg
suicidol suizidol
supplies suppliers
supported support
supremol supramolek
supramol supramolek
surfaces surface
survey surveys
sustainable sustainabil
synopt synapt
synchrotronstrahlung synchrotronstrahlungslabor
synchrotronstrahlungslab synchrotronstrahlungslabor
synchrontronststrahlungslabor synchrotronstrahlungslabor
synchroton synchrotron
syndromes syndrome
syndrom syndrome
tasks task
tast taste
tatig tati
taunu taunus
teachin teaching
teachnig teaching
teching teaching
teams team
techn technol
techno technol
techol technol
techniques technique
telegra telegrafe
telegraphenberg telegrafenberg
telegrafenburg telegrafenberg
textil textile
theor theodor
theorey theodor
theory theodor
theodori theodor
theodore theodor
theoret theodor
theordor theodor
thedor theodor
theodor-kurtzer-ufer theodor-kutzer-ufer
therapie therapy
theray therapy
therapiestn therapy
therapies therapy
therapia therapy
therapien therapy
therapeut therapy
thera therapy
therap therapy
theraphy therapy
therape therapy
theresa theresia
thermo therm
thermodynamik thermodynam
thermosynam thermodynam
thermoplast thermoplaste
think thin
thomae thoma
thorax thorac
thor thorac
thora thorac
thoraxchiru thoraxchirurg
thoraxchirug thoraxchirurg
thoraxchirur thoraxchirurg
thoraxchirurgabt thoraxchirurg
thoraxchirurge thoraxchirurg
thoraxchirurgie thoraxchirurg
thoraxchrirug thoraxchirurg
thorxchirurg thoraxchirurg
thorazchirurg thoraxchirurg
thoraychirurg thoraxchirurg
thoraxlin thoraxklin
thoraxklinik thoraxklin
thoraxclin thoraxklin
thoraxtukoren thoraxtumoren
thoraxwanddeformitaren thoraxwanddeformitaten
tierarzliche tierarztliche
tierdrztlichen tierarztliche
tierarztliches tierarztliche
tierarztlicher tierarztliche
tierarztlichen tierarztliche
tierarztin tierarztl
tierarzt tierarztl
tiererrarung tierernahrung
tierenahrung tierernahrung
tierernahrungs tierernahrung
tierernahrungschem tierernahrung
tierernhrung tierernahrung
tiernahrung tierernahrung
tierexpt tierexptl
tierisch tierischen
tierwissenschaf tierwissensch
tierwissenschaften tierwissensch
tierzuct tierzucht
tierzuche tierzucht
tilateral tirlateral
tlrch tlrc
toleran tolerance
tool tools
toxicogenet toxikogenet
toxikol toxicol
trai train
trainings training
transf transfus
transduct transfus
transdu transfus
transfu transfus
trans transfus
tranfus transfus
tranplantat tranplant
transcript transcriptome
transfusiol transfusionsmed
transfusionmed transfusionsmed
transfusions transfusionsmed
transit transmit
transnat translat
translational translationale
transmissible transmissibler
transplantol transplantat
trasplantat transplantat
transplantati transplantat
transplanta transplantat
transplanat transplantat
transplan transplantat
transpl transplantat
transp transplantat
transplants transplantat
transplant transplantat
transplantum transplantat
transplantationchirurg transplantationschirurg
transplantationschirug transplantationschirurg
transplantationsurg transplantationschirurg
transportat transport
traumat trauma
traumatol trauma
travels travel
trial trials
trilateal trilateral
trilaterak trilateral
trlateral trilateral
tropen trop
trope trop
troposphare troposphere
tropospher troposphere
tubinger tubingen
tuebingen tubingen
tumoren tumor
tumore tumor
tumo tumor
tumorangiogenese tumorangiogenesis
tumorbiom tumorbiol
tumorerkrankung tumorerkrankungen
tumorekrankungen tumorerkrankungen
tumorforsh tumorforsch
tumorforschung tumorforsch
tumorforsc tumorforsch
tumorgent tumorgenet
tumorzent tumorgenet
tumorimmonol tumorimmunol
tumororthopa tumororthopadie
tumors tumour
tumours tumour
tumorzentren tumorzentrum
tumorzentrumdes tumorzentrum
tumorzentrums tumorzentrum
turbine turbines
uberortlichen uberortliche
ucekermark uckermark
ultraschallabt ultraschall
ultrastrukt ultrastruct
umweltforschung umweltforsch
umwelfforsch umweltforsch
umweltforsc umweltforsch
umweltforch umweltforsch
umeltforsch umweltforsch
umwe umwelt
umwel umwelt
umweltanalytik umweltanalyt
umweltanal umweltanalyt
umweltforschungszentrum umweltforschungzentrum
umweltmesstechn umweltmesstech
umweltplanung umweltplanungl
umweltrecht umwelttechnol
umwelttechn umwelttechnol
umwelttech umwelttechnol
umweltshutz umweltschutz
umweltwissenschaft umweltwissensch
umweltwissenschaften umweltwissensch
unabhangigen unabhangige
unfallvers unfall
unfallver unfall
unfallv unfall
unfallab unfallabt
unfallchirug unfallchirurg
unfallchirurgie unfallchirurg
unfallvericherung unfallversicherung
unfalleversicherung unfallversicherung
unfallkl unfallklin
unifallklin unfallklin
unfallkrankenhauses unfallkrankenhaus
unitat unika
unikat unika
uniklinikum uniklin
uniklinik uniklin
unikliniken uniklin
unimed united
unite united
univer unive
univers unive
universe unive
universitatsklinik universitatsklinikum
universitatsklin universitatsklinikum
universitatklinikumulm universitatsklinikum
universitatklin universitatsklinikum
universitaetsklinikum universitatsklinikum
universitaetsmed universitatsmed
unternehmungsfuhrung unternehmensfuhrung
unternehmensfuhr unternehmensfuhrung
unternehmensf unternehmensfuhrung
untemehmensfuhrung unternehmensfuhrung
unternehmen unternehmensfuhrung
unternehmens unternehmensfuhrung
untere unter
untersuchen untersuchungen
untersuchung untersuchungen
unviers unvers
upgrades upgrade
urbane urban
urbano urban
uroonkol urooncol
vaccincol vaccinol
vaccines vaccine
vaskulitis vasculitis
vaskulits vasculitis
vaskulares vaskulare
vector vectors
vegetal vegetat
vegatat vegetat
vegetales vegetat
vehicles vehicle
venereol venerol
ventillatory ventilatory
verar verarb
verarbeitungs verarbeitung
verband verbunde
verbandes verbunde
verbund verbunde
verbindung verbindungen
verbrennungen verbrennungs
verbrennung verbrennungs
verbrennungsmed verbrennungstech
verfahrens verfahren
verfahrenstechn verfahrenstech
verfahrentech verfahrenstech
verfuegungsgebaeude verfugungsgebaude
verfuegungsgebaude verfugungsgebaude
vergiftungs vergiftungen
vergiftunge vergiftungen
vergleichend vergleichende
verhaldenstherapie verhaltenstherapie
verhaltenstherapy verhaltenstherapie
verhalt verhalten
verhaltens verhalten
verjaltensphysiol verhaltensphysiol
verhaltenphysiol verhaltensphysiol
verhaltensgestortenpadag verhaltensgestortenpadagog
verhaltensneurobiol verhaltensneurol
verkehr verkehrs
versicherungsmathemat versicherungsmath
versorgu versorgung
versorgun versorgung
versorgungs versorgung
versorgungsforschung versorgungsforsch
versorgungforsch versorgungsforsch
versorgungspidemiol versorgungsepidemiol
versuch versuchsstn
versuchs versuchsstn
versuchsan versuchsstn
versuchanstalt versuchsanstalt
vertretern vertreterin
verwaltungs verwaltung
verwaltungsiwssensch verwaltungswissensch
vinzenz vincenz
vinzen vincenz
vicenz vincenz
vicho vichow
viktoria victoria
vinzentius vincentius
virale viral
virehow virchow
virch virchow
vircho virchow
virchov virchow
vircow virchow
virchow-klinikum virchowklinikum
viszeralchirug viszeralchirurg
visceralchirurg viszeralchirurg
visceraichirurg viszeralchirurg
viscerale visceral
visveral visceral
viszeral visceral
viszerale visceral
vitreoretinale vitreoretinal
vitreoretinalchirurg vitreoretinalchirurgie
vogelsang vogesang
volgelwarte vogelwarte
vogtatreuth vogtareuth
volhand volhard
vohard volhard
vollhard volhard
volhared volhard
volahrd volhard
vokswagenstiftung volkswagenstiftung
volkwagenstiftung volkswagenstiftung
volker volmer
volkswagon volkswagen
vonhauerschen vonhaunerschen
vonhaunersches vonhaunerschen
vordere vorderen
vorsitzende vorsitzender
vorstandes vorstand
waldkliniken waldklinikum
waldkrankenhauses waldkrankenhaus
walther walter
wande wandel
wassertechnol watertechnol
wastes waste
waters water
waterw water
waves wave
weichen weicher
weiden weicher
weihen weicher
weihenstephen weihenstephan
weihenstehpen weihenstephan
weil weill
weisensee weissensee
weissnau weissenau
weisse weissenau
weissen weissenau
welfed welfen
werkstoff werkstoffe
werkstoffewissensch werkstoffwissensch
werkstofftechnol werkstofftech
werkstofftechn werkstofftech
werstoffmech werkstofftech
werkstoffmechan werkstofftech
werkstoffmech werkstofftech
werkstoffpruf werkstoffpruflab
werkstoffprufung werkstoffpruflab
werkstoffpruflabor werkstoffpruflab
werkzeugmaschinenlab werkzeugmaschinen
werkzeugmaschinenlabor werkzeugmaschinen
werkzeugmaschinenlabors werkzeugmaschinen
wern werner
werne werner
werngerode wernigerode
wessling wesling
westdeutsche westdeutsch
westdeutschen westdeutsch
westdeutsches westdeutsch
westdtsch westdeutsch
westfalch westfal
westfael westfal
westfa westfal
westf westfal
westfaelische westfalische
westfaslichen westfalische
westfalischen westfalische
westfalia westphalia
westphalian westphalia
westfalian westphalia
westgerm westgerman
westkusienklinikum westkuestenklinikum
westkustenklinikum westkuestenklinikum
wicked wicker
wiederherstellungschi wiederherstellungschirurg
wiederherstellungschir wiederherstellungschirurg
wiederherstellungschirgurg wiederherstellungschirurg
wiederhertsellungschirurgie wiederherstellungschirurg
wiederherstellungschirug wiederherstellungschirurg
wiederherstellungschirur wiederherstellungschirurg
wiederherstellungsch wiederherstellungschirurg
wiederherstellungschirurgie wiederherstellungschirurg
wiederherstellungschiru wiederherstellungschirurg
wiederherstellungsc wiederherstellungschirurg
wiederherstel wiederherstellungschirurg
wiederherstellungchirurg wiederherstellungschirurg
wiederherstellung wiederherstellungschirurg
wiederherstellu wiederherstellungschirurg
wiederherstellende wiederherstellungschirurg
wiederherstell wiederherstellungschirurg
wiederherste wiederherstellungschirurg
wiederherestellungschirurg wiederherstellungschirurg
wiederhaerstellungschirurg wiederherstellungschirurg
wiedenherstellungschirurg wiederherstellungschirurg
wiederherstellungs wiederherstellungschirurg
wilhems wilhelms
wilhem wilhelms
wilhelm wilhelms
wirbelsaul wirbelsaule
wirbelsaulenchiru wirbelsaulenchirurg
wirbelsaulenchirurgie wirbelsaulenchirurg
wirtschaft wirtschafts
wirtschaftssch wirtschaftsforsch
wirtschaftsrecht wirtschaftsforsch
wirtschaftsinf wirtschaftsund
wirtschaftsinformatik wirtschaftsinformat
wirtschaftsmath wirtschaftstat
wirtschaftspadagog wirtschaftspadag
wirtschaftsprufungsgesell wirtschaftsprufungswesen
wirtschatfswissensch wirtschaftswissensch
wirtschaftswiss wirtschaftswissensch
wirtschaftswissen wirtschaftswissensch
wirtschaftswissensc wirtschaftswissensch
wirtschaftswissenschaft wirtschaftswissensch
wirtschaftswissenschaften wirtschaftswissensch
wirtschaftswissenschaftliche wirtschaftswissensch
wirtschtswissensch wirtschaftswissensch
wiss wissensch
wissensh wissensch
wissenschlicher wissensch
wissenschaftlicher wissensch
wissenschaftliche wissensch
wissenschaftler wissensch
wissenschaftl wissensch
wissenschaften wissensch
wissenschaft wissensch
wissenschaftliches wissensch
wissensc wissensch
wissens wissensch
wissench wissensch
wissen wissensch
wissenscha wissensch
wisse wissensch
wissenshaftszentrum wissenschaftszentrum
wissenschaftzentrum wissenschaftszentrum
wittem witten
witzenhuasen witzenhausen
woman womens
womans womens
women womens
woody wood
workgr workgrp
wounds wound
wuttenberg wurttemberg
wurttemburg wurttemberg
wurttembur wurttemberg
wurttembu wurttemberg
wurttembert wurttemberg
wurttember wurttemberg
wurttembe wurttemberg
wurtember wurttemberg
wurrtemberg wurttemberg
wuerttemberg wurttemberg
wuttemberg wurttemberg
wuttember wurttemberg
wrttemberg wurttemberg
wuerburg wuerzburg
wujrttemb wuerttemb
wupperal wuppertal
wupppertal wuppertal
wupperrtal wuppertal
wurtt wurtte
wuzburg wurzburg
wurtzburg wurzburg
zahnaerztl zahnarztl
zahnarzt zahnarztl
zahnarliche zahnarztliche
zahnarzliche zahnarztliche
zahnaztliche zahnarztliche
zahneraaltung zahnerhaltung
zahnheikkunde zahnheilkunde
zahnkilin zahnklin
zeitreihenlabor zeitreihenlab
zellulaere zellulare
zellulaire zellulare
zenker zentr
zenter zentr
zentrainst zentralinst
zentraklin zentralklin
zentralklinik zentralklin
zentralklinikum zentralklin
zentral zentrale
zentralen zentrale
zentraler zentrale
zentralkrakenhaus zentralkrankenhaus
zentrallabor zentrallab
zentum zentrum
zentrurn zentrum
zentrun zentrum
zentrums zentrum
zentrummit zentrum
zetrum zentrum
zentren zentrum
zentrumm zentrum
zier zierf
zoonosen zoonoses
zoosystamat zoosystemat
zoosystematik zoosystemat
zuchtungsforschung zuchtungsforsch
zulich zulch
zuelich zulch
zukunitskolleg zukunftskolleg
allefgol allergol
allegemeine allgemeine
antropol anthropol
arbeitschutz arbeitsschutz
auoenheilkunde augenheilkunde
automated automat
bejamin benjamin
beriech bereich
bermannsheil bergmannsheil
berkom berom
bioformat bioinformat
biopshere biosphere
biosynth biosynthet
bohum bochum
cardiavasc cardiovasc
chornobiol chronobiol
diatet dietet
drseden dresden
duesseldorf dusseldorf
eilsen eisen
elektrophysiol electrophysiol
elments elements
epeilepsy epilepsy
eric erich
forch forsch
forshungslab forschungslab
gefss gefass
gesundheistheorie gesundheitstheorie
gesungheit gesundheit
hamtol hamatol
heimholtz helmholtz
hemholtz helmholtz
hemytol hematol
hendecke herdecke
henningsdorf heringsdorf
hochstfrequenztech hochfrequenztech
hochleistungrechnen hochstleistungsrechen
hukboldt humboldt
immuol immunol
informatik informat
innovativ innovat
inter integr
interval internal
interal internal
intenal internal
interoperat intraoperat
judendmed jugendmed
jungendmed jugendmed
juelich julich
jungendklin jugendklin
karkiol kardiol
karlsru karlsruhe
kindeklin kinderklin
kinderradiol kinderkardiol
klilikum klinikum
klinik klink
kranenanstalten krankenhaustalten
kranker kranken
kraner kranken
krankenstalt krankenanstalt
leizpig leipzig
luebeck lubeck
musuem museum
neurherberg neuherberg
obepfaffenhofen oberpfaffenhofen
padagogik padagog
pharmaticeut pharmaceut
plamaphys plasmaphys
pschol psychol
pshchobiol psychobiol
psychoherapy psychotherapy
psycosocial psychosocial
psycosomat psychosomat
pulmonolog pulmonol
radol radiol
rhematol rheumatol
risks risk
roentgen rontgen
rubrlandklin ruhrlandklin
schwetzingen schwenningen
schwepunkt schwerpunkt
tumorcytogenet tumorzytogenet
turnorzentrum tumorzentrum
tumorezentrum tumorzentrum
tumourimmunol tumorimmunol
univklin uniklin
verehaltensphyiol verhaltensphysiol
vierchow virchow
vichow virchow
westfalen westfal
wuerzburg wurzburg
zenrum zentrum
arbetisbereich arbeitsbereich
pharmazeut pharmaceut
psycobiol psychobiol
