aachener aa aachener aachen
aachen aa aachen
aaf aa aaf
aag aa aag
aalen aa aalen
aapd aa aapd
aarhus aa aarhus
aarlandes aa aarlandes
aav aa aav
abdominalchirurg abdominal abdominalchirurg chirurg
abfallbehandlung abfallbehandlung abfall lung
accounting accounting account
actuator actuator actuat
addictio addictio addict
aerospace aerosp aerospace
agaplesion agaplesion agaples ion
aggertalklin aggertal klin aggertalklin
agrarwirtschaft agrarwirtschaft agrarwirt
agrarwissenschaflliche agrarwissensch agrarwissenschaflliche
akadem akadem akad
akustik akustik akust
albertinen albertinen albert
albertus albert albertus
alexanderuniv univ alexander alexanderuniv
algesiol algesi algesiol
altonaer altonaer altona
anatom anatom anat
angewandte angewandte angew
angioscience angioscience angiosci
animal animal anim
anlagenbaukombinat anlagen anlagenbaukombinat kombinat
anlagenbau anlagen anlagenbau
anlagensteuerungstech anlagen steuerungstech anlagensteuerungstech tech
anlagentech anlagen anlagentech tech
annastiftskrankenhaus annastift annastiftskrankenhaus haus
anthropocene anthrop anthropocene
anthropol anthrop anthropol
anthropomat anthrop anthropomat
anthroposoph anthrop anthroposoph
antibiotikaresistenz antibiotikaresistenz antibiot
antriebstech antriebs antriebstech tech
apothekerverbande apothekerverbande apotheke
apparatebau apparat apparatebau
apparaterestigkeit apparat apparaterestigkeit
aquaculture aquaculture aqua
aquat aqua aquat
arteriosclerosis arterioscl arteriosclerosis
artificial artifi artificial
arzneimittelanwendungsforsch arzneimittelanwendungsforsch arzneimittel
arzneimittelberatungsdienst arzneimittelberatung arzneimittel arzneimittelberatungsdienst
arzneimittelberatung arzneimittelberatung arzneimittel
arzneimittelforsch arzneimittel arzneimittelforsch
arzneimittelhersteller arzneimittelhersteller arzneimittel
arzneimittelkommiss kommiss arzneimittelkommiss arzneimittel
arzneimittelkontrolle arzneimittel arzneimittelkontrolle
arzneimittelsicherheit sicherheit arzneimittel arzneimittelsicherheit
arzneimittelwerk arzneimittelwerk arzneimittel
arztegesellschaft arztegesell arztegesellschaft
asklepiosklin asklepiosklin asklep klin
asklepiostumorzentrum asklepiostumorzentrum zentrum asklep
asklepios asklep asklepios
assimilation assimilation assimilat ion
associated assoc associated
asthmapoliklin asthma asthmapoliklin klin polikl
asymmetrische asymmetr asymmetrische
atherosclerosis atheros atherosclerosis
aufnahmestn aufnahmestn aufnahme stn
augustinerinnen august augustinerinnen
augustin augustin august
augustuspl august augustuspl
ausbildungsforsch ausbildungsforsch ausbildung
ausbildungsinst ausbildungsinst ausbildung
ausbildungsklin ausbildung ausbildungsklin
ausbildungsstandort ausbildung ausbildungsstandort
ausbildungszentrum ausbildungszentrum ausbildung
autismus autism autismus
automatisierungstech automatisierungstech automatisierung
automatisierungsyst automatisierungsyst automatisierung syst
bacteriol bacte bacteriol
baden-wuerttemberg-hesse baden baden-wuerttemberg-hesse
badenwurttemberghessia baden badenwurttemberghessia badenwurttemberg
badenwurttemberg baden badenwurttemberg
baldingerstr str baldingerstr baldinger
baukonstruktionen baukonstrukt ion baukonstruktionen
baumaschinentech baumaschinentech baumaschinen tech
bavarian bavar bavarian
beatmungsmed beatmungs med beatmungsmed
beckenbodenzentrum zentrum beckenboden beckenbodenzentrum
beckergrube beckergrube becker
behandlungszentrum behandlungszentrum behand behandlung
behandlung lung behand behandlung
behaviour behaviour behav
behindertensport behindertensport behinderte
behringkranhauses behring behringkranhauses
behringkrankenhaus behring krankenha behringkrankenhaus haus
behringwerke behring behringwerke
belastungsdispost belastung belastungsdispost
beratungspsychol beratungspsychol beratung
beratungsstelle beratungsstelle elle beratung
beratungszentrum beratungszentrum beratung
bergmannsheil bergmannsheil bergmann
bergmannstrost bergmann bergmannstrost
beschichtungstech beschichtung beschichtungstech
betriebsforschungsinst betriebsforschungsinst betriebsforsch
bevolkerungsfragen bevolkerung bevolkerungsfragen
bevolkerungsmed bevolkerung bevolkerungsmed
bewegungsanalyt analyt anal bewegungs bewegungsanalyt
bewegungsapparates bewegungsapparates bewegungs
bewegungsmed bewegungsmed med bewegungs
bewegungsorgange bewegungsorgange bewegungs
bewegungsstorungen storung bewegungsstorungen bewegungs
bewegungsstudien bewegungsstudien bewegungs studien
bewegungstherapie bewegungs bewegungstherapie
bewegungswissensch bewegungswissensch sch bewegungs wissen
bezirksklinikum bezirksklin bezirksklinikum
bienenkunde bienenk bienenkunde
bildgebungstechnol bildgebung bildgebungstechnol
bioanalyses bioanalyses bioanal
bioanalyt bioanalyt bioanal
biobanking biobank biobanking
biocatalysis biocatalysis biocat
biocompatibil biocomp biocompatibil
biocomposites biocomp biocomposites
biodiversitatsforsch biodiversitatsforsch biodivers biodiversitat
biodiversitat biodivers biodiversitat
bioelectrochem bioelect chem bioelectrochem
bioelectromagnet bioelectromagnet bioelect
biofilmctr ctr biofilmctr biofilm
biofunction biofunct biofunction ion
biogeochemistry biogeochemistry biogeochem
biolchem chem biolchem biol
biolgy biolgy biol
biologicum biologicum biol
biolog biol biolog
biomagnetism biomagnet biomagnetism
biomasseforschungszentrum zentrum biomasseforschungszentrum biomass
biomaterialforsch biomaterialforsch biomaterial
biomechatron biomechatron biomech
biomedctr biomedctr biomed ctr
biopharmaceut biopharmaceut biopharm
bioprocess bioprocess bioproc
biosciences biosci biosciences
biostatist biostat biostatist
biostructural biostruct biostructural
biosystemat biosystemat biosyst
biosystemtechn biosystemtechn biosyst
biowissenschaftliche biowissenschaftliche biowissensch
biozentrum biozent bioz biozentrum
biozent ent biozent bioz
biozonoseforsch biozonoseforsch bioz
bldg bldg bld
bloodbank bloodbank blood bank
bloodcoagulat coagulat blood bloodcoagulat
blutspendedienst dienst blutspendedienst blutspende
bluttransfus blutt bluttransfus
bmbf01kn1106 bmbf bmbf01kn1106
bmls bml bmls
bogenhausen bogenhausen bogen haus
bonneconlab bonneconlab lab econ bonn
bonner bonn bonner
borstel borstel borst
boveriinst boveri boveriinst inst
bruchsal bruch bruchsal
brustzentrum brustzentrum brustzent
bundesforschungsinst bundesforsch bundesforschungsinst
bundeswehrzentralkrankenhaus bundeswehrzentralkrankenhaus haus bundeswehrzent
busgeninst inst busgen busgeninst
cardiology cardiology cardiol
cardiopulmonary cardiopulm cardiopulmonary
caremedicine care caremedicine
caritasklinikum caritasklinikum caritas caritasklin
caritasklin caritas caritasklin klin
caritaskrankenhaus krankenha caritas caritaskrankenhaus haus
caritaswiss caritas caritaswiss
carl-neuberg-st carl-neuberg-st carl
carls carl carls
carlvon carl carlvon von
carusan carus carusan
centerfor centerfor cent
centralized centralized cent
centred red centred cent
centrosomes cent centrosomes
centrum centrum cent
cerebralparesen cerebr cerebralparesen
cerebral cerebral cerebr
chemarbeiter arbeit chem chemarbeiter iter
chemet chem chemet
chemieanlagen chem chemieanlagen
chemiefaserwerk chem chemiefaserwerk
chemieingenieurwese chemieingenieurwese chem
chemieoberratin chemieoberratin chem
chemiewerk chem chemiewerk
chemikalien chem chemikalien
cheminformat informat chem cheminformat
chemlegebaude chem chemlegebaude
chemnitz chem chemnitz
chemo chemo chem
chemocatalysis chem chemocatalysis
chemodynam chem dynam chemodynam
chemosensat chemosensat chem
chemosensitivitatestungen chem chemosensitivitatestungen
chemotherapeut chemotherapeut chem
chemotherapy chemotherapy chem
chiemsee chiems chiemsee
childhood childhood child
childrens child childrens
christianity christianity christian
circulatory circulatory circulat
citycampus citycampus campus city
civilizat civilizat civil
clemenshosp hosp clemenshosp clemens
clementinenhaus clementinenhaus clementine
clinicalmed clinicalmed med clinical
computary computary comput
computat computat comput
computed computed comput
computerized computerized comput
computertomog computertomog comput
conditioning conditioning condit
congenital congenital congen
consortia conso consortia
consortium consortium conso
contaminants contaminants contamina
coordinating coordinat coord coordinating
coordinat coordinat coord
coregrid coregrid core
craniofacial craniofacial craniofac
criminalist criminal criminalist
crossbit cross crossbit
crosshadern cross crosshadern hadern
crossing cross crossing
crossover cross crossover
crystallog crystallog crystal
curator curator cura
cyberknife cyber cyberknife
cybermed cyber cybermed med
cybernet cyber cybernet
cytolog cytolog cytol
daimlerchrysler daimler daimlerchrysler chrysler
datenbanksyst datenbanksyst datenbank syst
degenerat degenerat degene
dentomaxillofacial dentomaxillofacial dentomaxillo facial
depressionszentrum depress depressionszentrum depr
depress depress depr
dermatopharmacol dermatopharmacol dermatopharm
detector detect detector
deutschesroteskreuz deutschesroteskreuz deutsch
deutschland deutschland deutsch land
diagnostikzentrum diagnostikzentrum diagnost zentrum
diakonissenanstalt diakonissenanstalt diakonissen
dialyseabt dialyseabt dialyse abt
dialysestat dialyse dialysestat stat
dialysezentrum zentrum dialyse dialysezentrum
didaktik didakt didaktik
diensteistungmanagement management ent dienste diensteistungmanagement
digitalisierung digital digitalisierung
digitaltech digitaltech digital tech
diversitat diversitat divers
dlrev dlr dlrev
doktorandenakad doktorandenakad doktorand akad
dokumentationszentrum zentrum dokumentations dokumentationszentrum
donauisar isar donau donauisar
donauklin donauklin donau klin
dopingforsch dopingforsch doping
dresdenger dresdenger dresden
dungungsforsch dungungsforsch dungung
dusseldorf dusseldorf dusse
dusseld dusseld dusse
dynamics dynamics dynam
dynamik dynamik dynam
dynamowerk dynam dynamowerk
dysplasiesprechstunde dysplas dysplasiesprechstunde
ecosystemmanagement management ent ecosystemmanagement ecosyst
eggenstein eggenstein egg
ehrlichien ehrlichien ehrlich
einrichtungen einricht einrichtungen
einschliesslich einschliesslich einschli
einsteinturm einstein einsteinturm
ekze ekze ekz
elisabethenstift elisabeth elisabethenstift
ellenbogenchirurg ellenbogenchirurg chirurg ellenbogen
ellenbogentraumatol traumat mat ellenbogentraumatol ellenbogen
emahrungsmed emahrungsmed emahrung
endovaskulare endovasku endovaskulare
energieforschungszentrum energieforschungszentrum energieforsch
engels eng engels
engine eng engine
enginlab eng enginlab
engl eng engl
england eng land england
engler eng engler
english eng english
englmeier englmeier eng
engn eng engn
entrepreneurship entrep entrepreneurship entrepreneu
entrepreneu entrep entrepreneu
entwicklungsbiochem entwicklung chem entwicklungsbiochem
entwicklungsbiol entwicklungsbiol entwicklung
entwicklungsforschung entwicklung entwicklungsforschung
entwicklungsgeschichtliche entwicklungsgeschichtliche entwicklung
entwicklungsgrp entwicklung entwicklungsgrp
entwicklungsneurol entwicklung entwicklungsneurol
entwicklungspolit entwicklung entwicklungspolit
entwicklungspsychol entwicklung entwicklungspsychol
entwicklungsstorungen entwicklung entwicklungsstorungen
entwicklungswissensch entwicklung entwicklungswissensch
entwicklungszentrum entwicklung entwicklungszentrum
entzundungsforsch entzundungsforsch entzundung
entzundungsmed entzundungsmed entzundung
environmentally environm environmentally
epidemiologyl epidemiologyl epidem
epidemiol epidem epidemiol
epilepsiediagnost epilepsiediagnost epilepsie
epilepsieforsch epilepsie epilepsieforsch
epilepsiegenet genet epilepsiegenet epilepsie
epilepsiekranker epilepsiekranker kranker epilepsie
epilepsiezentrum zentrum epilepsiezentrum epilepsie
epizooties epizooties epizoot
erdgastech tech erdgas erdgastech
erkrankungen erkrankungen erkrank
erlangenemn erlangenemn emn erlangen
erlangense erlangense erlangen
ernahrungsabulanz ernahr ernahrungsabulanz
ernahrungsberatung ernahr ernahrungsberatung
ernahrungsepidemiol ernahr ernahrungsepidemiol
ernahrungsforsch ernahr ernahrungsforsch
ernahrungslehre ernahr ernahrungslehre
ernahrungsmed ernahr ernahrungsmed
ernahrungsphysiol ernahr ernahrungsphysiol
ernahrungsteam ernahr ernahrungsteam
ernahrungstherapie ernahr ernahrungstherapie
ernahrungswissensch ernahr ernahrungswissensch
ernahrung ernahr ernahrung
erziehungswissensch erziehungswissensch sch erzieh erziehungs wissen
erziehungs erzieh erziehungs
essener essener essen
evangelischen evangelischen evangel
evidencebased based evidence evidencebased
evidenzbasierte evidenzbasierte evidenz
evolutionary evolutionary evolut
evolutionsbiol evolutionsbiol evolut
ewing ewi ewing
excellencecluster cluster excellence excellencecluster
experimentalphys experiment phys experimentalphys
experimentelle experimentelle experiment
exploratory exploratory explorat
extremitatentumore extremitat extremitatentumore
exzellenzbereich exzellenz exzellenzbereich
exzellenzcluster exzellenz exzellenzcluster cluster
exzellenzzentrumdermatol exzellenzzentrum dermat der exzellenz exzellenzzentrumdermatol mat
exzellenzzentrum exzellenzzentrum zentrum exzellenz
eyeclin eyeclin eye
fabricators fabricators fabricat
fachbereichs fachbere fachbereichs
fachkliniken fachkliniken fachklin
facility facil facility
fahrzeugsyst fahrzeugsyst syst fahrzeug
familienplanungsstelle familienplanung elle familienplanungsstelle
fellowship fellow fellowship
ferdinandshof ferdinandshof ferdinand
fernerkundungsdatenzentrum fernerkundung fernerkundungsdatenzentrum
fertigungstechnologien fertigungstechnologien fertigungstech
fertilitatsstorungen fertilitat fertil fertilitatsstorungen
fertilitat fertilitat fertil
festelektrolyte festelektrolyte festelektr
festkorperchem festk festkorperchem
festkorperforsch festk festkorperforsch
festkorpermech festk festkorpermech
festkorperoberflachen festkorperoberflachen festk
festkorperopt festk festkorperopt
festkorperphys festkorperphys festk
festkorperspektroskopie festkorperspektroskopie festk
festkorpertechnol festkorpertechnol festk
festkorper festk festkorper
fettstoffwechselambulanz fettstoffwechselambulanz fettstoffwechsel
fischereibiol fischer biol fischereibiol
fleischhyg fleisch hyg fleischhyg
fleischtechnol fleisch fleischtechnol technol
flowcore flow core flowcore
flows flows flow
flowtechnol flow flowtechnol technol
fluiddynam fluiddynam dynam fluid
fluidtech tech fluidtech fluid
flussgebietsmanagement flussgebietsmanagement ent fluss management
flussigkeitsabtrennung flussigkeitsabtrennung fluss
foodborne food foodborne
foodchem food chem foodchem
foodstuff food foodstuff
forchungszentrum forchung forchungszentrum
forensischtoxikol forens forensischtoxikol
forestry forestry forest
forstwissenschaftliche forstwissensch forstwissenschaftliche
fortbildungsklin fortbildung fortbildungsklin
fortbildungszentrum fortbildung fortbildungszentrum
fortpflanzungsbiol fortpflanzungsbiol fortpflanzung
foschungszentrum foschung foschungszentrum
franziskushosp hosp franziskushosp franziskus
frauenheilkunde frauenheilk frauenheilkunde
frauenheilkundliche frauenheilk frauenheilkundliche
freestate free freestate state
freseniusklin freseniusklin fresenius klin
friedrichshain friedrich friedrichshain
friedrichstadt friedrichstadt friedrich
fruhgeschichte fruhgesch fruhgeschichte
fruhrehabilitat fruhrehabil fruhrehabilitat
functionally functionally funct
functioning funct functioning
gafassmed gafassmed gafass med
galvanotech tech galvano galvanotech
gangmotoriklabor gangmotoriklabor gangmotor
gartenbauliche gartenbau gartenbauliche
gartenbautechn gartenbau gartenbautechn
gartenbauwissensch gartenbau gartenbauwissensch sch wissen
gartnerische gartnerische gartner
gebaudelehre gebaude gebaudelehre
gebaudetech gebaudetech gebaude tech
geburtshilfe geburtshilfe geburtsh
geburtsmedizin geburtsmed geburtsmedizin
gefasschirurg gefasschirurg chirurg gefa
gefassctr gefassctr ctr gefa
gefassendothel gefassendothel gefa
gefasserkrankungen erkrankungen gefasserkrankungen gefa
gefassklin gefassklin klin gefa
gefasskrankheiten gefasskrankheiten gefa
gefassmed gefassmed gefa
gefasszentrum zentrum gefasszentrum gefa
gefass gefass gefa
gemeinschaftsaufgaben gemeinschaftsaufgaben gemeinschaft
gemeinschaftsklinikum gemeinschaftsklinikum gemeinschaft
gemeinschaftskrankenhaus gemeinschaftskrankenhaus haus gemeinschaft
gemeinschaftspraxis gemeinschaftspraxis gemeinschaft
gender gend gender
geoarchaeol geoarch geoarchaeol
geobotan geobotan geobot
geoforschungszentrum geoforsch geoforschungszentrum
geopolar geopolar geopol
geoscience geosci geoscience
geothermal geothermal geothe
geowissenschaften geowissensch geowiss geowissenschaften
geowissenschaftliche geowissensch geowiss geowissenschaftliche
geowissensch geowissensch geowiss sch
gerechtigkeitsfors gerechtigkeitsfors gerechtigk
gerhardinst inst gerhard gerhardinst
geriatriezentrum geriatriezentrum geriatr
gerichtliche gerichtl gerichtliche
gerinnungsambulanz gerinnungsambulanz gerinnungs
gerinnungsforsch gerinnungsforsch gerinnungs
gerinnungssprechstunde gerinnungssprechstunde gerinnungs sprechstunde
gerinnungsstorungen storung gerinnungs gerinnungsstorungen
gerontopharmakol gerontopharmakol gerontopharm
geschaftsbereichentwicklung geschaftsbereich entwi geschaftsbereichentwicklung geschaftsber
geschaftsbereich geschaftsbereich geschaftsber
geschaftsfuhrender geschaftsfuh geschaftsfuhrender
geschwulstklin geschwulst geschwulstklin klin
gesellschaftswissensch gesellsch sch gesellschaftswissensch gesellschafts wissen
gesellschafts gesellschafts gesellsch
gesetzlichen gesetzl gesetzlichen
gesundheitlichen gesundheitlichen gesundh
gesundheitsbauten gesundh gesundheitsbauten
gesundheitsberichterstattung gesundh gesundheitsberichterstattung
gesundheitserziehung gesundh gesundheitserziehung
gesundheitsforderung gesundh gesundheitsforderung
gesundheitsforsch gesundh gesundheitsforsch
gesundheitskommunikat gesundh gesundheitskommunikat
gesundheitsmanagement gesundh ent gesundheitsmanagement
gesundheitsokon gesundh gesundheitsokon
gesundheitspsychol gesundh gesundheitspsychol
gesundheitssystemforsch gesundh gesundheitssystemforsch
gesundheitstheorie gesundh gesundheitstheorie
gesundheitsverbundes gesundh gesundheitsverbundes
gesundheitsversorgung gesundh gesundheitsversorgung
gesundheitszentrum gesundh gesundheitszentrum
gesundheit gesundh gesundheit
getreideverarbeitung getreide getreideverarbeitung
giftinformationszentrum giftinformat giftinformationszentrum
glaskorperchirurg chirurg glaskorper glaskorperchirurg
gleichgewichtsforsch gleichgewichtsforsch gleichgewichts
gleichgewichtsinst inst gleichgewichtsinst gleichgewichts
gleichgewichtszentrum zentrum gleichgewichtszentrum gleichgewichts
globalhort globalhort hort global
globalisierungsprozess globalisierungsprozess global
gravitationsphys gravitat gravitationsphys
gravitatphys gravitat gravitatphys phys
greifswald-insel greifswald-insel greifswald
grenzflachenphys grenzflachen grenzflachenphys phys
grindeland grindeland grindel
grindelberg grindelberg berg grindel
groundwater ground groundwater water
grundlagenforsch grundlagenforsch grundlagen
grundlagenmed grundlagen grundlagenmed med
grunlandlehre grunland grunlandlehre
haematologikum haematologikum haematol
halschirurg chirurg hals halschirurg
halskrankheiten halskrankheiten hals
halsnasen halsnasen nasen hals
hamatologie hamatologie hamatol
hamatologikum hamatologikum hamatol
hamatolol hamatolol hamatol
hamophilieambulanz hamophilie hamophilieambulanz
hamophiliezentrum hamophilie zentrum hamophiliezentrum
haunerschen sch hauner haunerschen
hauptabteilung hauptabteilung lung hauptabt
hausarztmedizin hausarztmedizin hausarztmed
haushaltstech haushalts haushaltstech tech
hautklinikum hautklin hautklinikum
hautkrebszentrum hautkrebszentrum zentrum hautkrebs
hautreaktionen hautreakt hautreaktionen ion
hauttumorctr hauttumor hauttumorctr ctr
hauttumorzentrum zentrum hauttumor hauttumorzentrum
havelhohe hohe havel havelhohe
hazardous hazard hazardous
healthcare health healthcare care
hearing4all heari hearing4all
hearing heari hearing
heartctr ctr heart heartctr
heartsurg heartsurg surg heart
heckeshorn heckeshorn heckes
heilberufen heilberufen heilberu
heineuniv heine univ heineuniv
heliosklinikum helios heliosklinikum klin klinikum
helmholtzctr helmholtz helmholtzctr ctr
helmholtzinst helmholtz inst helmholtzinst
helmholtzzentrummunchen helmholtz munch helmholtzzentrummunchen helmholtzzentrum
helmholtzzentrum helmholtz zentrum helmholtzzentrum
hematologikum hematol hematologikum
hematology hematology hematol
henriettenstiftung henriettenstiftung henriette
hepatitislab lab hepatitis hepatitislab
hermann-von-helmholtz-platz hermann hermann-von-helmholtz-platz
herpesviruses virus herpesviruses viruses herpes
herzinfarktforschungszentrum herzinfarktforschungszentrum herzinfarktforsch
herzkatheterbereich herzkatheter herzkatheterbereich
herzkatheterlab lab herzkatheter herzkatheterlab
herzkompetenzzentrum zentrum herzkompetenz herzkompetenzzentrum
herzkreislaufforsch herzkreislauf herzkreislaufforsch
herzzentrum herzzentrum herzzent
hessenarchaologie hessen hessenarchaologie
hirntumorbiol hirntumor biol hirntumorbiol
hirntumorimmunol hirntumorimmunol hirntumor immunol
hla hla hl
hlas hlas hl
hld hld hl
hlrz hlrz hl
hlt hlt hl
hlth hlth hl
hochenergieastrophys hochenergieastrophys hochenerg phys
hochstleistungsrechenzentrum hochstleistungsrechenzentrum zentrum hochstleistungsrechen
horstorungen horst horstorungen
hospitalvereinigung hosp hospital hospitalvereinigung
hospital hosp hospital
household house household
hubertuswald hubertuswald hubertus wald
humanwissensch humanwiss humanwissensch sch
humboldtm~hle humboldtm~hle humboldt
huyssensstiftung huyssensstiftung huyssens
hygiene hyg hygiene
hygrotherm hygrotherm hyg
hypertensiol hypertensiol hypertens
hypertoniegesell hypertonie hypertoniegesell
hypertoniezentrum zentrum hypertoniezentrum hypertonie
ielf iel ielf
ielnutr iel ielnutr nutr
imaging&it imaging imaging&it
imagingizkf imaging imagingizkf izkf
immunology immunology immunol
implantatforsch implant implantatforsch
implantattechnol implant implantattechnol technol
implantol implantol implant
individualisierte individual individualisierte
individualized individual individualized
infektabwehrmechanismen infektabwehrmech infektabwehr infektabwehrmechanismen
infektabwehrmech mech infektabwehrmech infektabwehr
infektiologikum infektiologikum infektiol
inflammatory inflammatory inflammat
ingenieurbau ingenieur ingenieurbau
ingenieurinformat informat ingenieur ingenieurinformat
ingenieurwissensch ingenieurwissensch ingenieur sch wissen
inhalationbiol inhalationbiol inhalat biol ion
innenstadtklinikum klin innenstadtklinikum innenstadt klinikum
innerearlab lab innerearlab innerear
insulators insulators insulat
interaction interact interaction ion
interamerian interamer interamerian
interventionelle intervent interventionelle ion
investigator invest investigator
isotopengeochem chem isotope isotopengeochem
isotopenlab isotopenlab isotope
iznf iznf izn
james-franck-str str james-franck-str james
jenage jena jenage
johannes johann johannes
johanniterkrankenhaus krankenha johanniter haus johann johanniterkrankenhaus
johanniter johann johanniter
johannwolfgang johann johannwolfgang wolfgang
johnson john johnson
journalism journalism journal
jugendlichenpsychotherap jugendlichenpsychotherap jugendliche
jugendmedizin jugendmedizin jugendmed
juliusspital julius juliusspital spital
juristenfak juristenfak jurist
kachexieforsch kachexieforsch kachexie
kantonsspital kant kantonsspital
katalysatoren katalysatoren katal
katalyseforsch katalyseforsch katal katalyse
katalyse katal katalyse
katharinenhosp hosp katharinenhosp katharinen
keramik keram keramik
kerckhoffclin kerckhoffclin kerckhoff
kernforschungsanlage kernforschungsanlage kernforsch
kernforschungszentrum kernforsch kernforschungszentrum
kinderintensivstn kinderintens stn kinderintensivstn
kinderneuroorthopadie kinderneuroorth kinderneuroorthopadie
kinderschmerztherapie kinderschmerztherapie kinderschmerz
kinderschmerzzentrum kinderschmerzzentrum kinderschmerz zentrum
kinderschutzambulanz kinderschutzambulanz kinderschutz
kinderschutzgrp kinderschutz kinderschutzgrp
kindertumorregister kindertumorregister gister kindertumorre
kinderwunschzentrum zentrum kinderwunsch kinderwunschzentrum
kindesalter kindes kindesalter
kindesmisshandlung kindes kindesmisshandlung lung
knappschaftskrankenhaus knappschaftskrankenhaus krankenha knappschafts haus knappsch
knappschafts knappschafts knappsch
kneuroncol kneuroncol kneu
knochenstoffwechseler knochenstoffwechseler knochens
koenigin koenig koenigin
koenigssee koenig koenigssee
kognitionsforsch kognitionsforsch kognit
kognitionspsychol kognitionspsychol kognit ion
kognitionswissenschaft kognitionswissenschaft kognit
kognitive kognitive kognit
kollegialsyst kolleg kollegialsyst
kollegium kollegium kolleg
kombinatsentwicklung kombinatsentwicklung kombinat
kompetenzbereich kompetenz kompetenzbereich
kompetenznetz kompetenz kompetenznetz
kompetenzstelle kompetenzstelle kompetenz stelle
kompetenzzentrum kompetenzzentrum zentrum kompetenz
konstitutionskrankenheiten konstitut konstitutionskrankenheiten
konstruktiven konstrukt konstruktiven
konstruktrionstech konstruktrionstech konstrukt tech
konsumforsch konsum konsumforsch
kontinenzzentrum zentrum kontinenz kontinenzzentrum
kooperationseinheit kooperat kooperationseinheit
kooperationsforsch kooperat kooperationsforsch
kooperationsgrp kooperat kooperationsgrp
kooperationspartner kooperat kooperationspartner
kooperationspraxis kooperat ion kooperationspraxis
kooperationszentrum kooperat kooperationszentrum
kooperation kooperat kooperation ion
koordinationschem koordinat koordinationschem
koordinationszentrale koordinat koordinationszentrale
kopfklinikum kopfklin kopfklinikum
korrosionsschutz korrosionsschutz korros
krankenanstaltengilead krankenanstaltengilead krankenanstalt
krebsforschungszentrum krebsforschungszentrum krebsforsch
krehlklin krehlklin krehl klin
kreiskliniken kreiskliniken kreisklin
kriegsursachenforsch kriegsursachenforsch kriegs
kriminalwissenschaftliche kriminalwissensch kriminalwissenschaftliche
kulturpflanzenforsch kulturpflanzen kulturpflanzenforsch
kunstgeschichte kunstgeschichte kunstgesch
kuratoriums kuratoriums kurator
kutzer-ufer kutzer kutzer-ufer
landnutzung landnut landnutzung
landschaftsentwicklung landschaftsentwicklung landschaftsentwi lung
landwirtschaftlich landwirt landwirtschaftlich
landwirtschaftskammer landwirt landwirtschaftskammer
landwirtschaftswissensch landwirt sch landwirtschaftswissensch
landwirtschaftszentrum landwirt sch landwirtschaftszentrum
landwirtsch landwirt landwirtsch sch
langensteinbach langensteinbach langenstein
lasertechnol lasertech lasertechnol
lebenslaufpolit lebenslauf lebenslaufpolit polit
lebensmittelforsch lebensmittelforsch lebensm
lebensmittelhyg lebensm lebensmittelhyg
lebensmittelkunde lebensm lebensmittelkunde
lebensmittelmikrobiol lebensmittelmikrobiol lebensm biol
lebensmittelsicherheit lebensm lebensmittelsicherheit
lebensmitteltechnol lebensmitteltechnol lebensm
lebensmitteltoxikol lebensmitteltoxikol lebensm
lebensmittelverfahrenstechnik lebensm lebensmittelverfahrenstechnik
lebensmittelwissensch lebensm lebensmittelwissensch
lebensmittel lebensmittel lebensm
lebensqualitatsforsch lebensqualitat lebensqualitatsforsch
lehrpraxisklin lehrpraxis lehrpraxisklin klin
lehrstuhlbereich lehrstuhl lehrstuhlbereich
lehrstuhlsekretariat lehrstuhlsekretariat lehrstuhl sekretariat
leiterin leiterin leiter
leitlinienbeauftragter leitlinienbeauftragter beauftragter leitlinien
leitlinienkommiss leitlinienkommiss kommiss leitlinien
leobenerstr str leobenerstr leobener
lernumwelten lernumwelten lernum
leukamiediagnost leukamiediagnost leukamie
library lib library
life&brain life&brain life
lifecourse lifecourse course life
lifecycle lifecycle cycle life
lifelong lifelong life
lifenet life lifenet
lifesci sci lifesci life
lifespan lifespan life
limbach limb limbach
limburgerhof limb limburgerhof limburg
limburg limb limburg
limnol limnol limn
linderhohe hohe linder linderhohe
lipidambulanz lipid lipidambulanz
lipidam lipidam lipid
lipidapherese lipidapherese apherese lipid
lipiddiagnost lipiddiagnost lipid
lipidol lipidol lipid
lipidstoffwechsel lipidstoffwechsel stoffwechsel lipid
lipoprotein lipoprotein lipoprot
lipperland lippe lipperland
liquordiagnost liquordiagnost liquor
liquorforsch liquorforsch liquor
liquorlab lab liquorlab liquor
literaturwissensch literatur sch wissen literaturwissensch
liverctr liver ctr liverctr
location location ion locat
lomberg lomb lomberg
ltd lt ltd
ltn ltn lt
ltp ltp lt
ludwig-maximilians ludwig ludwig-maximilians
ludwigsburg ludwigsburg ludwig
ludwigshafen ludwigshafen ludwig
luftrettungszentrum luftrettungszentrum luftrettung
luisenhosp luise luisenhosp
luisenklin luisenklin luise
luitpoldkrankenhaus luit krankenha luitpoldkrankenhaus haus luitpold
luitpold luit luitpold
lukaskrankenhaus krankenha lukaskrankenhaus haus lukas
lungclin lungclin lung
lungctr lungctr lung ctr
lungenbiol biol lungenbiol lung
lungenchirurg lungenchirurg lung chirurg
lungenerkrankungen erkrankungen lungenerkrankungen lung
lungenfachklin klin lung lungenfachklin
lungenforsch lungenforsch lung
lungenfunktionslab lungenfunkt lung lungenfunktionslab
lungenfunkt lungenfunkt lung
lungengefasskrankh lung lungengefasskrankh
lungenheilkunde lungenheilkunde lung heilkunde
lungenklin klin lungenklin lung
lungenkrankheiten lungenkran lung lungenkrankheiten
lungenkran lungenkran lung
lungentumorzentrum lungentumorzentrum zentrum lung
lungenzentrum zentrum lungenzentrum lung
lungres lungres lung res
lungsbereich lungsbereich lung sbereich
lutherhaus luth haus lutherhaus
lutherstadt luth lutherstadt
luther luther luth
lymphknotenregister register lymphknotenregister lymphknoten
lysimeterstn lysimeter lysimeterstn stn
magnesiumtechnol technol magnesium magnesiumtechnol
magnetresonanztomog magnetresonanz magnetresonanztomog tomog
makromolekulforsch makromol makromolekulforsch
mammadiagnost mammadiagnost mammadiag
mammographie mammographie mammog
mannheim mannheim mannhe
marienhausklin marienhausklin marienhaus klin
marienhospital marienhosp marienhospital
markuskrankenhauses markuskrankenhauses markus krankenhauses
martinsried martin martinsried
maschinenakust maschinenakust maschinen akust
maschinenbau maschinenbau maschinen
maschinendynam maschinendynam maschinen dynam
maschinenelemente maschinenelemente maschinen
maschinenkonstrukt maschinenkonstrukt maschinen konstrukt
maschinenlabor labor lab maschinen maschinenlabor
maschinensyst syst maschinen maschinensyst
maschinentech maschinen maschinentech tech
maschinenwesen maschinen maschinenwesen
massenspektrometriezentrum zentrum massenspektrometriezentrum massenspektrometrie
mathematikon mathematikon math mathemat
mathemat math mathemat
matheon matheon math eon
mathey mathey math
maxillofacial maxillofacial maxillo facial
maxillosurg surg maxillo maxillosurg
medizinaluntersuchungsamt medizin medizinaluntersuchungsamt
medizincontrolling medizin medizincontrolling controlling
medizinischpoliklin medizin medizinischpoliklin klin
medizinrecht medizin medizinrecht
merckstiftungsprof merck merckstiftungsprof
meyerhof meyer meyerhof
microbiology microbiol microbiology
microsystems microsyst microsystems
mikroskopische mikroskop mikroskopische
mikrotechnol mikrotechnol mikrotech
minimalinvas minimalinvas minimal invas
minimally minimally minimal
modulat modul modulat
molecularexpos molecularexpos molecular
montanus montan montanus
motilitatsstorungen motilitatsstorungen motilitat
motorik motorik motor
muensterland muenster land muensterland
mukoviszidosezentrum mukoviszidosezentrum zentrum mukoviszidose
multimediatech multimedia multimediatech tech
munden mund munden
munichdept munich dept munichdept
munsterland land munster munsterland
munsterlingen munsterlingen lingen munster
musculoskeletal musculoskeletal musculos
musicians musicians music
mutterhaus mutter haus mutterhaus
muttermilchbank mutter muttermilchbank bank
nachrichtengerate nachrichtengerate nachrichten
nachrichtentech tech nachrichtentech nachrichten
nachsorgeklin nachsorge klin nachsorgeklin
nachwuchsforschergrp nachwuchs forschergrp nachwuchsforschergrp
nachwuchsgrp nachwuchsgrp nachwuchs
nachwuchsleistungssport nachwuchsleistungssport nachwuchs
nahrungsmittelkunde nahrungsmittelkunde nahrungsmittel kunde nahrungs
nahrungsmittel nahrungsmittel nahrungs
nasennebenhohlen nasen nasennebenhohlen
nasenzentrum nasenzentrum nasen zentrum
neckar neckar neck
nephrolgie nephrol nephrolgie
nephrolog nephrol nephrolog
networking network networking
neugeborenenchirurg neugeborenenchirurg neugeborenen chirurg
neugeborenenscreening screening neugeborenen neugeborenenscreening
neurochemist neurochemist neurochem
neurogenesis neurogen neurogenesis
neurogenet neurogen neurogenet
neurokopfzentrum neurokopfzentrum zentrum neurokopf
neurophysiol neurophys neurophysiol
neurorestaurationsforsch neurorestaurat neurorestaurationsforsch
neurowissenschaftliches neurowissensch neurowissenschaftliches
neutronenbeugung neutronenbeugung neutron
neutronenphys neutronenphys neutron phys
neutronenquelle neutronenquelle neutron
niederbayernoberpfalz niederbayernoberpfalz niederbayern
nierentransplantationsambulz nierentransplantationsambulz nierentransplantat nierentransp
nierentransplantationsdispansaire nierentransplantat nierentransplantationsdispansaire nierentransp
nierentransplantat nierentransplantat nierentransp
nierentransplantiertendispensaire nierentransplantierten nierentransplantiertendispensaire nierentransp
nierentransplantierten nierentransplantierten nierentransp
nordamerikastudien nordamerikas nordamerikastudien
nordrheinwestfalen nordrheinwestfalen westfalen nordrhein
nordstadtkrankenhaus nordstadtkrankenhaus krankenha nordstadt haus
nordwestdeutsch nordwestdeutsch nordwest deutsch sch
northwestern northwestern northwest
notfallmanagement management notfallmanagement ent notfall
notfallmed notfallmed med notfall
notfalltrainings notfalltrainings notfall
notfallzentrum zentrum notfallzentrum notfall
nukl nukl nuk
nuklearmedizin nuk nuklearmedizin nuklearmed
nuklearmed nuk nuklearmed
nurnbergsud nurnberg sud nurnbergsud
nursery nurse nursery
nuthetal nut nuthetal
nutr nutr nut
nutrica nut nutrica
nutricosmet nut nutricosmet
nutrigenom nut nutrigenom
nutrit nut nutrit
nutzerdienste nutzerdienste nut
nutzpflanzengenet genet nutzpflanzengenet nut
nutzpflanzenwissensch nutzpflanzenwissensch nut wissensch
nutztierakad nutztierakad nut nutztier akad
nutztierethol nut nutztier nutztierethol
nutztierkunde nutztierkunde nut nutztier kunde
nutztierokol nut nutztier okol nutztierokol
nutztierwissensch nutztierwissensch nutztier sch nut wissen
nutztier nut nutztier
oberflachenchem oberflachenchem chem oberflachen
oberflachenphys oberflachenphys phys oberflachen
oberflachentech tech oberflachentech oberflachen
oberschwabenklin oberschwaben klin oberschwabenklin
obesitas obes obesitas
observatorium observ observatorium
observat observ observat
oderland oderland land oder
ohrenabt ohrenabt abt ohren
ohrenheilkunde heilkunde ohrenheilkunde ohren
ohrenklin ohrenklin klin ohren
ohrenkranke ohrenkranke ohren
ohrenkrankheiten ohrenkrankheiten ohren
okologisierung okologisierung okol
okolog okolog okol
okonometr okonometr okon
okonomie okonomie okon
okonom okonom okon
okosystemmanagement management ent okosyst okosystemmanagement
oldenburg old oldenburg
oldendorf oldendorf old
older old older
oldesloe old oldesloe
olgahospital olga olgahospital olgahosp
olgahosp olga olgahosp hosp
olympiapk olymp olympiapk
olympiastutzpunkt olympiastutzpunkt olymp
operated oper operated
operating operating oper
operatio operatio oper
operativen oper operativen
operat operat oper
optical optical optic
oriental orient oriental
oriented orient oriented
orientierte orient orientierte
orthopadisch orthopad orthopadisch
ostertag-haus ostertag ostertag-haus
oststadtkrankenhaus krankenha oststadt oststadtkrankenhaus haus
otfried-muller-str otfried otfried-muller-str str
paleoclimate paleoclimate paleoclim
palliativmedizin palliativmed palliativmedizin
parallelerechnerarchitek parallel parallelerechnerarchitek
paraplegiol paraplegiol parapleg
partenkirchen partenkir partenkirchen
partikeltechnol partikel partikeltechnol technol
pathobiochemistry pathobiochemistry pathobiochem
pathogenitatsmech pathogenitatsmech pathogenitat
pathologists pathol pathologists
paulinenhilfe paul paulinen paulinenhilfe
paulinen paul paulinen
pediatrics pediat pediatrics
perinatalpathol perinatalpathol perinatal pathol
perinatalzentrum perinatal perinatalzentrum zentrum
perioperat perioperat periope
personlichkeitsentwicklung personlichkeit personlichkeitsentwicklung
personlichkeitspsychol personlichkeitspsychol personlichkeit
petersburg petersburg peter
pettenkofer pettenkofer pette
pflanzenbausyst syst pflanzenbau pflanzenbausyst
pflanzenschutzzentrum zentrum pflanzenschutzzentrum pflanzenschutz
pflanzlicher pflanzlicher pflanzl
pharmaforschungszentrum pharmaforschungszentrum pharmaforsch
phasenubergreifender phasenubergreifender phase
philosophers philosophers philosoph
philosophisch philosophisch philosoph
phyletischem chem phylet phyletischem
physicotech physicotech phys
physikalisches physikal physikalisches phys
physikal physikal phys
physikgebaude physikgebaude phys
physikochem physikochem phys
physiol physiol phys
physiotherapie physiotherapie phys
physzentrum zentrum physzentrum phys
placentalab placentalab lab placenta
plasmaproteinforsch plasmaprot plasmaproteinforsch
polarimetr polar polarimetr
polizeiwissensch polizei sch polizeiwissensch wissen
polytechnische polytech polytechnische
populations populat populations
portugies port portugies
porzellanwerk porz porzellanwerk
positron positron posit
postgradualer postgradualer postgrad
powerplant powerplant power plant
powertrain power powertrain
practice practice pract
preventive preventive prevent
primatenzentrum primatenzentrum primate
prognostizierbarkeit prognostizierbarkeit prognos
projektzentrale projektzentrale projektzent
promoting promoting promot
propaedeut propaed propaedeut
prostatakarzinomforsch prostatakarzinom prostatakarzinomforsch
prostatakarzinomzentrum zentrum prostatakarzinom prostatakarzinomzentrum
prostheses prostheses prosth
prosthet prosthet prosth
prosthodont prosthodont prosth
prozessentwicklung prozesse prozessentwicklung
prufungsanstalt prufung prufungsanstalt
prufungslab prufung prufungslab
psoriasisstudienzentrum psoriasis psoriasisstudienzentrum
psycholinguist psycholinguist psychol
psycholog psycholog psychol
psychopharmacol psychoph psychopharmacol
psychophysiol psychoph psychophysiol
publicat publicat publ
publish publ publish
publizieren publ publizieren
publizist publ publizist
pulvermetallurgisches pulvermetallurg pulvermetallurgisches pulvermet
pulvermetallurg pulvermetallurg pulvermet
qualif qualif qual
qualitatsentwicklung qualitatsentwicklung qual
qualitatsmanagement ent qualitatsmanagement qual
qualitatsoffens qualitatsoffens qual
qualitatssicherung qualitatssicherung qual
qualitatswesen qualitatswesen qual
qualitat qualitat qual
quantitative quantitat quantitative
quartarokologie quartarokol quartarokologie quartar
quartarokol quartarokol quartar okol
quedlinburg quedl quedlinburg
radiopharmaceut radiopharmaceut radiopharm
radiopharmacol radiopharm radiopharmacol
railway railway rail
rainer-gruenter-strasse rainer rainer-gruenter-strasse
raphaelsklin raphael raphaelsklin
rappenau rapp rappenau
ratzeburger ratzeb ratzeburger
ratzebur ratzeb ratzebur
raumfahrtkonstrukt raumfahrt raum konstrukt raumfahrtkonstrukt
raumfahrtmed raumfahrt raum med raumfahrtmed
raumfahrttech raumfahrt raum raumfahrttech tech
raumfahrt raumfahrt raum
raumklimatech raumklimatech raum tech
raumplanung planung raum raumplanung
raumsimulat simulat raum raumsimulat
reactor react reactor
reaktorsicherheitsforsch reaktorsicherheit reaktorsicherheitsforsch
reanimationszentrum reanimat reanimationszentrum
referenzlab lab referenzlab referenz
referenzzentrum zentrum referenzzentrum referenz
reformstudiengang reforms reformstudiengang
refractories refractories refract
refractory refractory refract
regelungssyst regelungssyst regelung
regelungstech regelung regelungstech
regelungstheorie regelungstheorie regelung
rehaklinikum rehaklin rehaklinikum
remodeling remod remodeling
repairlab lab repair repairlab
replantationszentrum replantationszentrum replantat
reproducible reproducible reprod
reproduct reprod reproduct
researchers researchers research
residenzschloss residenzschloss residenzsch
ressourcenmanagement management ressourcenmanagement ressourcen ent
ressourcennutzung ressourcennutzung ressourcen
ressourcenokol ressourcenokol ressourcen okol
ressourcenschutz ressourcenschutz ressourcen
rettungsdienst rettungsdienst dienst rettungs
rettungshubschrauber rettungshubschrauber rettungs
rettungsmed rettungsmed med rettungs
rettungsstellen rettungsstellen rettungs
rettungswesen rettungswesen rettungs
rheinprovinz rheinprovinz rheinprov
rheumaforschungszentrum rheumaforschungszentrum rheumaforschungs zentrum
rhineland rhine land rhineland
rhinemain rhinemain rhine main
rhinewestphalia rhine rhinewestphalia
rhonchopathies rhon rhonchopathies
rhythmen rhythm rhythmen
rhythmol rhythm rhythmol
rnas rna rnas
robert-koch-str robert str robert-koch-str
rontgenabteilung rontgenabteilung ront
rontgenabt rontgenabt ront abt gen
rontgenbereich ront rontgenbereich
rontgendiagnost rontgendiagnost diagnost ront gen
rontgengesellsch rontgengesellsch ront sch
rontgenhaus ront rontgenhaus
rontgeninst rontgeninst ront inst gen
rontgenol rontgenol ront
rontgentech rontgentech ront
rontgen rontgen ront gen
rostock rost rostock
rostov rost rostov
rudolfstiftung rudolfstiftung rudolf
ruhr ruhr ruh
ruhrgebiet ruhrgebiet ruh
ruhrhalbinsel ruhrhalbinsel ruh
ruhrlandklin klin ruhrland ruhrlandklin ruh
ruhrland ruhrland ruh
ruhruniv ruhruniv ruh
russelsheim russelsheim russe
ruthenberg ruth ruthenberg
sachgebietsleiter sachgebietsleiter sachgebiet iter
safeguards safe safeguards
safety safe safety
sanaklinikum sana sanaklinikum klin klinikum
satellitengeodasie satellite satellitengeodasie
schadelbasischirurg schadelbasischirurg schadelbasis chirurg
schaller schaller schall
schickard schick schickard
schillerhoehe schillerhoehe schiller
schillerst schiller schillerst
schlaganfallforsch schlaganfall schlaganfallforsch
schlaganfallstn schlaganfall stn schlaganfallstn
schlaganfallzentrum schlaganfall zentrum schlaganfallzentrum
schneiderberg schneiderberg schneider berg
schneidershof schneider schneidershof
schottky schott schottky
schulterchirurg schulter chirurg schulterchirurg
schwangerschaftsambulanz schwangerschaftsambulanz schwangerschaft
schwerbrandverletztenzentrum schwerbrandverletztenzentrum schwerbrand
schwerpunktpraxis schwerp schwerpunktpraxis
schwerpunktprogramms schwerpunktprogramms schwerp
schwerpunktzentrum zentrum schwerpunktzentrum schwerp
schwerpunkt schwerpunkt schwerp
schwerverbranntenzentrum schwerverbrannte schwerverbranntenzentrum
sciencecampus science sciencecampus campus
screeningzentrum zentrum screening screeningzentrum
sekretariat sekretar sekretariat
semiconductors semiconductors semicond
senckenberganlage senckenberganlage senckenberg anlage
senckenbergianum senckenberg senckenbergianum
senckenbergisches senckenberg senckenbergisches
senologie senologie senol
serviceeinheit serv serviceeinheit
shearografie shear shearografie
shearog shear shearog
sicherheitsforsch sicherheitsforsch sicherheit
sicherheitsstudien sicherheit sicherheitsstudien
sicherheitstech sicherheitstech sicherheit
simulationszentrum simulationszentrum simulat
socialmedicine social socialmedicine
softwaretech software softwaretech tech
solarforsch solar solarforsch
sozialwissensch sozialwissensch sozialwiss sch
spacecraft space spacecraft
spaceflight space spaceflight
spaltendem spalten spaltendem
specificat specif specificat
spirituosenhaltige spirituosen spirituosenhaltige
sporttraumatol sporttraumatol sporttrau mat
staatliche staatliche staatl
stahlwerksanlagen stahlwerk stahlwerksanlagen
stammzelltransplantat stammzelltransplantat stammzelltransp
steglitz steg steglitz
stellaratortheorie stellarator stellaratortheorie stellar theorie
stellarator stellarator stellar
sterilitat steril sterilitat
steroidlab lab steroidlab steroid
steuerungstech steuerungstech steuerung
stiftungsprofessur stiftungsprof stiftungsprofessur
stoffwechselambulanz stoffwechselambulanz stoffwechsel
stoffwechselbiochim stoffwechselbiochim biochim stoffwechsel
stoffwechselctr stoffwechselctr stoffwechsel ctr
stoffwechselerkrankungen erkrankung stoffwechselerkrankungen stoffwechsel
stoffwechselforsch stoffwechselforsch stoffwechsel
stoffwechselklin klin stoffwechselklin stoffwechsel
stoffwechselkrankheiten stoffwechselkrankheiten stoffwechsel
stoffwechselmed stoffwechselmed stoffwechsel med
stoffwechselphysiol physiol stoffwechsel stoffwechselphysiol
stoffwechselstorungen storung stoffwechsel stoffwechselstorungen
stoffwechselzentrum zentrum stoffwechsel stoffwechselzentrum
strahlenabt strahl strahlenabt abt
strahlenbiol strahl strahlenbiol biol
strahlendiagnost strahl strahlendiagnost diagnost
strahlenforsch strahl strahlenforsch
strahlenheilkunde strahl heilkunde strahlenheilkunde
strahlenimmunbiol strahl strahlenimmunbiol biol
strahleninst strahl inst strahleninst
strahlenklin strahl strahlenklin klin
strahlenphys strahl strahlenphys phys
strahlenschutz strahl strahlenschutz
strahlentherapie strahl strahlentherapie
strahlen strahl strahlen
strahlungslabor strahl strahlungslabor
strahlungstransport strahlungstransport strahl
strahlung strahl strahlung
strahlwerkzeuge strahl werkzeuge strahlwerkzeuge
straubing straubing straub
stressforsch stress stressforsch
studienzentrale studienzent studienzentrale
studienzentrum studienzentrum studienzent
supercomputing supercomp supercomputing
surgery surg surgery
synaptopathies synapt synaptopathies
synchrotronstrahlungslabor labor lab synchrotronstrahlungslabor synchrotron
synthesechem synth synthesechem
synthet synth synthet
tagestherapiezentrum tagestherapie zentrum tagestherapiezentrum
targeting targeting target
tauberbischofsheim tauber tauberbischofsheim
taxonom taxonom taxon
technique technique tech
technischen technischen tech
technologiefabrik technologiefabrik tech
technologiehof technologiehof tech
technologien technologien tech
technol technol tech
technomath technomath math tech
techt techt tech
telegrafenberg telegrafe telegrafenberg
telekommunikat telekom telekommunikat
theodor-kutzer-ufer theodor-kutzer-ufer theodor-kutzer
theranostics theranostics theranost
thiemann thiemann thiem
thoracic thorac thoracic
thyssenkrupp thyssen thyssenkrupp
tierarztliche tierarztl tierarztliche
tierhaltung tierhaltung tierhal
tierhygiene tierhyg tierhygiene
tierkliniken tierklin tierkliniken
tierprodukt tierprod tierprodukt
tierseuchenerreger tierseuchen tierseuchenerreger
tierseuchenzehre tierseuchen tierseuchenzehre
tierzuchtung tierzuchtung tierzucht
tierzuchtwissenschaft tierzuchtwissenschaft wissenschaft tierzucht
tinnituszentrum tinnitus tinnituszentrum zentrum
tissuebank tissue tissuebank bank
toxicol toxicol tox
toxikogenet toxikogenet tox
toxins toxins tox
toxol tox toxol
toxoplasmosis tox toxoplasmosis
trackingstelle stelle tracking trackingstelle
trackingzent trackingzent tracking zent
tragkonstruktion tragkonstruk tragkonstruktion ion
trainingswissenschaftlicher trainingswissensch trainingswissenschaftlicher train
trainingswissensch trainingswissensch wissensch train
trainingszentr trainingszentr train
training training train
translationale translationale translat
translatum translatum translat
transmissibler transmissibler transmiss
transplantationschirurg transplantat transplantationschirurg
transplantationsforsch transplantat transplantationsforsch
transplantationszentrum transplantat transplantationszentrum
transportflugzeuge transportflugzeuge transport
treatment treatm treatment ent
triesdorf tries triesdorf
trisslim trisslim trissl
tubingen tubingen tubing
tumortherapiezentrum zentrum tumortherapie tumortherapiezentrum
tumorzentrumtubingen tubingen tumorzentrumtubingen tumorzentrum
tunnelbetrieb tunnelbetrieb tunnel
tunneling tunneling tunnel
turbomachinery machinery turbo turbomachinery
uberortliche uberortliche uberortl
uberregionalen uberreg uberregionalen
ulmenweg ulmenweg ulm
ultraschalldiagnostik ultraschalldiagnostik ultraschall diagnostik
umweltforschungzentrum umweltforschungzentrum umweltforsch
umwelthygiene umwelthygiene umwelthyg
univale univ univale
unive univ unive
universitatsklinikum univ klinikum klin universitatsklinikum
universitatsmed univ universitatsmed
universitymed univ universitymed
univhosp hosp univ univhosp
univklinikum univ univklinikum klin klinikum
univmed univ univmed med
unterrichtsforsch unterrichtsforsch unterrichts
unversitaetsmed unversitaetsmed unvers
urgeschichte urgesch urgeschichte
urgeschichtliche urgeschichtliche urgesch
urolog urol urolog
uveitiszentrum zentrum uveitis uveitiszentrum
vacuumtechnol vacuumtechnol vacuum technol
vascern vasc vascern
vascular vascular vasc
vasculitis vasc vasculitis
vasculopathy vasc vasculopathy
ventilatory ventilatory ventilat
verarbeitungsmaschinen verarbeitungsmaschinen verarb verarbeitung
verarbeitungstech verarbeitungstech verarb verarbeitung
verarbeitung verarb verarbeitung
verbrennungschirurg verbrennungschirurg chirurg verbrennungs
verbrennungskraftmaschinen verbrennungskraftmaschinen verbrennungs
verbrennungskrankheiten verbrennungskrankheiten verbrennungs
verbrennungstech verbrennungstech tech verbrennungs
verbrennungszentrum verbrennungszentrum zentrum verbrennungs
verbundklinikum verbundklin verbundklinikum
vereinten verein vereinten
verfahrenstech verfahrenstech verfahren
verfugungsgebaude verfugungsgebaude verfugungs
vergleichende vergleichende vergl
verhaltensbiol verhaltensbiol verhalten
verhaltensgestortenpadagog verhalten verhaltensgestortenpadagog
verhaltenskunde verhaltenskunde verhalten
verhaltensmed verhalten verhaltensmed
verhaltensneurol verhaltensneurol verhalten
verhaltensphysiol verhalten verhaltensphysiol
verhaltenspsychobiol biol verhalten verhaltenspsychobiol
verhaltenstherapie verhalten verhaltenstherapie
verhaltenswissensch verhaltenswissensch verhalten
verkehrsleitsyst verkehrs verkehrsleit verkehrsleitsyst syst
verkehrsleit verkehrs verkehrsleit
verkehrstelemat verkehrs verkehrstelemat
verkehrswirtschaft verkehrs wirtschaft verkehrswirtschaft
verkehrswissensch verkehrs verkehrswissensch sch wissen
verlaufsforsch verlaufsforsch verlaufs
verlaufspsychiat verlaufspsychiat psychiat verlaufs
versicherungsanstalt versicherungsanstalt versicherungs
versicherungsmath versicherungs math versicherungsmath
versorgungsepidemiol versorgungsepidemiol versorgung
versorgungsforsch versorgungsforsch versorgung
versorgungskonzept versorgungskonzept versorgung
versorgungstech versorgungstech versorgung
versorgungszentrum versorgungszentrum versorgung
verwaltungswissensch verwaltung verwaltungswissensch
vestibular vestibular vest
veterinamedizin vet veterinamedizin
veterinarangelegenheiten vet veterinarangelegenheiten
veterinarmed veterinarmed vet
veterinarwesen veterinarwesen vet
vetidata vetidata vet
vetmed med vet vetmed
vetreous vet vetreous
vetsuisse vetsuisse vet
virchowklinikum klinikum klin virchowklinikum virchow
visualist visual visualist
visualizat visual visualizat
vitreoretinalchirurgie chirurgie vitreoretinal vitreoretinalchirurgie
vogelwarte vogel vogelwarte
vogtlandklinikum vogtland vogtlandklinikum klin klinikum
volkswagenstiftung volkswagen volkswagenstiftung
volkswirtschaftslehre volkswirtschaftslehre volkswirtschaft
vongoethe goethe von vongoethe
vonguericke vonguericke von guericke
vonhaunerschen vonhaunerschen von
vonossietzky ossietzky von vonossietzky
vonostertag von vonostertag
vonpettenkofer vonpettenkofer von
vorsitzender vorsitzender vorsitz
vorstandsbereich vorstand vorstandsbereich sbereich
vorstandsmitglied vorstand vorstandsmitglied
voss-str voss voss-str
vulpiusklin vulpiusklin vulpius klin
waddensea waddensea sea wadden
wasserhaushalt wasserha wasserhaushalt
wasserwirtschaftsrecht wasserwirtschaftsrecht wasserwirtschaft
weaningzentrum zentrum weaningzentrum weaning
wechselwirkung wechsel wechselwirkung
weissenauravensburg weissenauravensburg weissenau
weiterbildungsklin weiterbildung weiterbildungsklin
weiterbildungskurse weiterbildung weiterbildungskurse
weiterbildungsstatte weiterbildung weiterbildungsstatte
weiterbildungszentrum weiterbildungszentrum weiterbildung
weiterentwicklung weiteren lung weiterentwicklung
weltraumbiotechnol weltraumbiotechnol bio technol weltraum
wendelsteinstrafie wendelstein wendelsteinstrafie
werkslaboratorien werkslab werkslaboratorien
werkstoffeigenschaften werkstoffeigenschaften werkstoffe
werkzeugmaschinenkombinat werkzeugmaschinenkombinat werkzeugmaschinen inat
westfalische westfalische westfal
westpfalzklinikum westpfalz westpfalzklinikum klin klinikum
whocc who whocc
whole who whole
wilhelmshaven wilhelmshaven wilhelms
wilhelmstift wilhelmstift wilhelms
wilhelmsuniv univ wilhelmsuniv wilhelms
wirbelsaulenchirurg wirbelsaulenchirurg wirbelsaule
wirbelsaulenleiden wirbelsaulenleiden wirbelsaule
wirbelsaulenzentrum wirbelsaulenzentrum wirbelsaule
wirtschaftsforsch wirt wirtsch wirtschaftsforsch
wirtschaftsgeog wirt wirtsch wirtschaftsgeog
wirtschaftsinformat wirt wirtsch wirtschaftsinformat
wirtschaftslehre wirt wirtsch wirtschaftslehre
wirtschaftspadag wirt wirtsch wirtschaftspadag
wirtschaftspolit wirtschaftspolit wirt wirtsch
wirtschaftsprufungswesen wirt wirtsch wirtschaftsprufungswesen
wirtschaftspsychol wirt wirtsch wirtschaftspsychol
wirtschaftsraume wirt wirtsch wirtschaftsraume
wirtschaftstat wirtschaftstat wirt wirtsch
wirtschaftstheorie wirtschaftstheorie wirt wirtsch
wirtschaftsund wirt wirtsch wirtschaftsund
wirtschaftswissensch wirt wirtsch wirtschaftswissensch
wirtschafts wirt wirtsch wirtschafts
wirtsch wirt wirtsch sch
wissenschaftsbereich wissensch wissenschaftsbereich
wissenschaftspk wissensch wissenschaftspk
wissenschaftszentrum wissenschaftszentrum wissensch
wissenschbereich wissenschbereich wissensch
wittenberg witten berg wittenberg
wittenherdecke witten wittenherdecke
wounding wound wounding
wurttemberg wurtte wurttemberg
wurzburgand wurzburgand wurzburg
yorkshire york yorkshire
zahnarztliche zahnarztliche zahnarztl
zahnerhaltungskunde zahnerhaltung zahnerhaltungskunde
zahnheilkunde zahnheilkunde zahnheilk
zeitgeschichte zeitgeschichte zeitgesch
zentrallaboratorium zentrallaboratorium zentrallab
zhgb zhgb zhg
ziemssenstr ziemssen ziemssenstr str
zoolog zoolog zool
zoonoses zoonoses zoonos
zoosystemat zoosyst zoosystemat
zuchtungsbiol zuchtungsbiol zuchtung
zuchtungsforsch zuchtung zuchtungsforsch
zuchtungsmethod zuchtungsmethod zuchtung
zuchtungsplanung zuchtungsplanung zuchtung
zuckerinst inst zucker zuckerinst
zukunftskolleg zukunft zukunftskolleg
zusammenarbeig zusammenarbeig zusammen
zusatzbezeichnung zusatzbezei zusatzbezeichnung
zwischenahn zwischen zwischenahn
